site_id,horizon,site_horizon_incubation_fraction,contributing_horizons,cores_contributing_to_horizon_composite,incubation_site,SOMMOS_horizon,horizon_type,OSU_g,VT_g,USFS_g,UCB_g,ws_mass_airdry_g,fine_mass_g,coarse_mass_g,roots_fine_g,mass_remaining_lost_g,horizon_order,total_thickness_cm,proportional_thickness_cm,proportional_top_depth_cm,proportional_bottom_depth_cm,proportional_midpoint_depth_cm,ws_bulk_density_gcm3,proportion_fine_mass_gg,mass_fine_Mgha,mass_coarse_Mgha,notes
OSBS,A,OSBS_A_PRE_BULK,1-6:A,6,Y,Y,A-Horizon,90.9,129,107.2,10.7,349.7,348.3,1.4,NA,10.5,1,21.75,21.75,0,21.75,10.875,1.39,0.9959965684872749,3011.146625679153,12.103374320846118,NA
OSBS,AE,OSBS_AE_PRE_BULK,4:AE,1,Y,N,none,5,5,14,1.4,27,26.9,0.10000000000000009,NA,1.5,2,25,4.166666666666666,21.75,25.916666666666664,23.833333333333332,1.5418512509735804,0.9962962962962962,640.0586211603287,2.3794000786629717,NA
OSBS,A/B,OSBS_A/B_PRE_BULK,"1,3:AB",2,Y,N,none,96.1,95.2,95,96.9,395.2,394,1.2000000000000002,NA,10.799999999999955,3,39.25,13.083333333333332,25.916666666666664,39,32.45833333333333,1.6177768764603706,0.9969635627530364,2110.1645163648277,6.426897004156837,NA
OSBS,Bh,OSBS_Bh_PRE_BULK,4:Bh,1,Y,N,none,14.7,6.7,40.4,1.1000000000000001,64.7,64.2,0.5,NA,1.3000000000000043,4,7,1.1666666666666665,39,40.166666666666664,39.58333333333333,1.6557396892037657,0.9922720247295209,191.67682028031228,1.4928101267936988,NA
OSBS,Bw1,OSBS_Bw1_PRE_BULK,1-6:Bw1,6,Y,Y,Upper B-Horizon,231.3,233.8,231.2,234.2,1878.2,1873.9,4.3,NA,943.4000000000001,5,25,25,40.166666666666664,65.16666666666666,52.66666666666666,1.54,0.9977105739537856,3841.1857097220745,8.814290277925457,Extra material kept at OSU
OSBS,Bw2,OSBS_Bw2_PRE_BULK,1-6:Bw2,6,Y,N,none,217.2,217.7,214.9,214.9,3501.2000000000003,3499.9,1.2999999999999998,NA,2635.2000000000003,6,19.916666666666668,19.916666666666668,65.16666666666666,85.08333333333333,75.125,1.58,0.9996286987318633,3145.664910126052,1.1684232072814116,Extra material kept at OSU
OSBS,Bw3,OSBS_Bw3_PRE_BULK,1-6:Bw3,6,Y,Y,Lower B-Horizon,210.5,211.1,207.8,209.2,3365.9,3364.9,1,NA,2526.3,7,32,32,85.08333333333333,117.08333333333333,101.08333333333333,2.02,0.9997029026411955,6462.079562672688,1.9204373273119941,Extra material kept at OSU
DSNY,A,DSNY_A_PRE_BULK,1-5:A,5,Y,Y,A-Horizon,149.1,222.4,206.1,10.6,637.4,599.6,37.8,NA,11.399999999999977,1,11.9,11.9,0,11.9,5.95,1.355464252673468,0.9406965798556637,1517.345898061788,95.65656261963899,Extra material kept at OSU
DSNY,EA,DSNY_EA_PRE_BULK,2:EA,1,Y,N,none,53.8,15.7,98,2,170.20000000000002,169.3,0.8999999999999999,NA,-0.19999999999998863,2,12.5,2.5,11.9,14.4,13.15,1.7240720144110304,0.9947121034077555,428.7388249703106,2.2791786324470453,NA
DSNY,E,DSNY_E_PRE_BULK,1-5:E,5,Y,N,none,323.5,319.7,325.2,326.7,1300,1296.9,3.0999999999999996,NA,1.7999999999999545,3,17.5,17.5,14.4,31.9,23.15,1.811440054083885,0.9976153846153847,3162.4608159595646,7.559278687234465,NA
DSNY,EB,DSNY_EB_PRE_BULK,1:EB,1,Y,N,none,41,30.9,61.7,10,156,147.1,8.9,NA,3.4999999999999716,4,11,2.2,31.9,34.1,33,1.8050858127902696,0.9429487179487179,374.46273765076097,22.656141163098393,NA
DSNY,Bh1,DSNY_Bh1_PRE_BULK,1-5:Bh1,5,Y,Y,Upper B-Horizon,102.2,329.7,100.8,10,546.1,544.2,1.9,NA,1.5000000000001137,5,7.8,7.8,34.1,41.9,38,1.888597522103676,0.9965207837392419,1467.9808126579014,5.125254582965824,NA
DSNY,Bh2,DSNY_Bh2_PRE_BULK,2-5:Bh2,4,Y,Y,Lower B-Horizon,272.2,273.89999999999998,271.10000000000002,276.5,1098.9,1095.9,3,NA,2.200000000000273,6,18.625,14.9,41.9,56.8,49.349999999999994,1.8875370075388027,0.9972699972699973,2804.7521992693087,7.677941963507406,NA
DSNY,E'1,DSNY_E'1_PRE_BULK,1-5:E'1,5,Y,N,none,346.4,347.1,345.5,343.7,5758,5753.8,4.2,NA,4371.1,7,69.2,69.2,56.8,126,91.4,1.9328648754446607,0.9992705800625218,13365.668636454975,9.756301622076723,Extra material kept at OSU
DSNY,E'2,DSNY_E'2_PRE_BULK,3:E'2,1,Y,N,none,177.2,200.4,155.19999999999999,175.4,717.9,709.3,8.6,NA,1.1000000000000227,8,42.5,8.5,126,134.5,130.25,1.9684023225652647,0.9880206156846357,1653.0987634576,20.043210722875195,NA
DSNY,B'h,DSNY_B'h_PRE_BULK,2-5:B'h,4,Y,N,none,301.2,300.89999999999998,301.89999999999998,297.39999999999998,1289.3,1203.7,85.6,NA,2.300000000000182,9,20.625,16.5,134.5,151,142.75,2.1098921932888395,0.9336073838517025,3250.188035796115,231.13408313047046,NA
CPER,A1,CPER_A1_PRE_BULK,1-5:A1,5,Y,Y,A-Horizon,108.7,168,107.6,10,566.6,388,178.6,NA,-6.2999999999999545,1,12,12,0,12,6,1.4391726491706105,0.6847864454641722,1182.631107401758,544.3760716029744,NA
CPER,A2,CPER_A2_PRE_BULK,5:A2,1,Y,N,none,105.7,17.100000000000001,119,10,252.3,252.3,0,NA,0.5,2,20.5,4.1,12,16.1,14.05,1.512350565012012,1,620.0637316549248,0,NA
CPER,AB,CPER_AB_PRE_BULK,1-4:AB,4,Y,N,none,171.4,29.8,189,10,951.5999999999999,403.3,548.3,NA,3.099999999999966,3,23.875,19.1,16.1,35.2,25.650000000000002,1.2803436396360288,0.4238125262715427,1036.415034302808,1409.0413174020075,NA
CPER,Bw1,CPER_Bw1_PRE_BULK,3-5:Bw1,4,Y,Y,Upper B-Horizon,183.9,594.5,210.6,10,1556.9,1008.7,548.2,NA,9.700000000000045,4,36.833333333333336,29.46666666666667,35.2,64.66666666666667,49.93333333333334,1.3721535697177398,0.6478900378958186,2619.600304674818,1423.6788807601224,NA
CPER,Bw2,CPER_Bw2_PRE_BULK,"1,5:Bw2",2,Y,N,none,215.8,48.5,248.6,10,1224.9,529.2,695.7,NA,6.300000000000068,5,41.25,16.5,64.66666666666667,81.16666666666667,72.91666666666667,1.7617792434244122,0.432035268185158,1255.8987670612526,1651.0369845890275,NA
CPER,Bk1,CPER_Bk1_PRE_BULK,3-5:Bk1,3,Y,N,none,484.1,104.2,539.9,10,2146.5,1148.2,998.3,NA,10,6,51.333333333333336,30.8,81.16666666666667,111.96666666666667,96.56666666666666,1.6789888927756162,0.5349173072443513,2766.210269643459,2405.0755201054394,NA
CPER,Bk2,CPER_Bk2_PRE_BULK,5:Bk2,1,Y,N,none,124,30,139.80000000000001,2.1,307.6,297.3,10.3,NA,1.3999999999999773,7,18.5,3.7,111.96666666666667,115.66666666666667,113.81666666666666,2.006961686674343,0.9665149544863458,717.7106388032004,24.86518526630669,NA
CPER,Btk1,CPER_Btk1_PRE_BULK,2-3:Btk1,2,Y,N,none,93.2,18.600000000000001,104.4,3.5,862.5,223.1,639.4,NA,3.3999999999999773,8,33.25,13.3,115.66666666666667,128.96666666666667,122.31666666666666,1.5637193766411324,0.25866666666666666,537.9611647479267,1541.78560618478,NA
CPER,Btk2,CPER_Btk2_PRE_BULK,2:Btk2,1,Y,N,none,52.2,8.5,86.7,2.7,237.5,150.6,86.9,NA,0.5,9,28,5.6,128.96666666666667,134.56666666666666,131.76666666666665,1.1007589642883067,0.6341052631578947,390.87834952513106,225.54667047632063,NA
CPER,Btk3,CPER_Btk3_PRE_BULK,2:Btk3,1,Y,Y,Lower B-Horizon,181.8,89.4,242.5,2.1,581,516.4,64.6,NA,-0.599999999999909,10,56.5,11.3,134.56666666666666,145.86666666666667,140.21666666666667,1.2747656062971717,0.8888123924268502,1280.3210391975924,160.16409591821176,NA
CPER,Bg1,CPER_Bg1_PRE_BULK,1:Bg1,1,Y,N,none,115.8,58.1,156.19999999999999,2.6,384.8,333.2,51.6,NA,0.49999999999994316,11,29.5,5.9,145.86666666666667,151.76666666666668,148.81666666666666,1.6413824168477291,0.8659043659043658,838.555318511594,129.86030742856627,NA
CPER,Bg2,CPER_Bg2_PRE_BULK,1:Bg2,1,Y,N,none,70.2,12.8,89.9,7.8,197.79999999999998,181.1,16.7,NA,0.39999999999997726,12,22,4.4,151.76666666666668,156.16666666666669,153.9666666666667,1.4401207694505387,0.9155712841253792,580.1546177598419,53.49852079839509,NA
CPER,Bg3,CPER_Bg3_PRE_BULK,1:Bg3,1,Y,N,none,70.5,10.4,115.2,2.2999999999999998,227.2,202.1,25.1,NA,3.69999999999996,13,23.5,4.7,156.16666666666669,160.86666666666667,158.51666666666668,1.487344758425162,0.889524647887324,621.8240165868438,77.22801987298251,NA
RMNP,A1,RMNP_A1_PRE_BULK,1-6:A1,6,Y,Y,A-Horizon,74,274.39999999999998,125.8,1,668.4000000000001,476.1,192.3,NA,0.9000000000000341,1,9.333333333333334,9.333333333333334,0,9.333333333333334,4.666666666666667,1.3933485678889896,0.7122980251346498,926.314137682752,374.1445256803052,"We had 6 cores from this site, all six contributed to the composite horizons"
RMNP,A2,RMNP_A2_PRE_BULK,5:A2,1,Y,N,none,64.599999999999994,11,105,1,294.6,181.6,113,NA,0,2,24,4,9.333333333333334,13.333333333333334,11.333333333333334,1.4631604651682493,0.6164290563475899,360.7738499315059,224.49033613579385,NA
RMNP,AB,RMNP_AB_PRE_BULK,3:AB,1,Y,N,none,37.799999999999997,13.5,48.3,2.1,134.6,101.7,32.9,NA,0,3,9.5,1.5833333333333333,13.333333333333334,14.916666666666668,14.125,1.8207367362147546,0.7555720653789005,217.81882091306156,70.46449565427454,NA
RMNP,Bt,RMNP_Bt_PRE_BULK,1-6:Bt,6,Y,Y,Upper B-Horizon,110.5,815,188.7,2.2999999999999998,1560.5,1117.6,442.9,NA,1.099999999999909,5,17.666666666666668,17.666666666666668,14.916666666666668,32.583333333333336,23.75,1.7709915855513347,0.7161807113104773,2240.7516904548775,888.000110685814,NA
RMNP,Bw,RMNP_Bw_PRE_BULK,2:Bw,1,Y,N,none,69.099999999999994,11.1,116.3,3,396.6,199.7,196.9,NA,0.19999999999998863,4,13,2.1666666666666665,32.583333333333336,34.75,33.66666666666667,1.8225174009493088,0.5035300050428643,198.83330915298788,196.04546105269566,NA
RMNP,B/C,RMNP_B/C_PRE_BULK,"1,2,4:B/C; 2,3,4:C/B",6,Y,Y,Lower B-Horizon,406.3,274.89999999999998,447.2,37,2972.2,1168.1,1804.1,NA,2.699999999999818,6,33.8,33.8,34.75,68.55,51.65,1.8758238810818373,0.39300854585828676,2491.786077370946,3848.4986406856633,Originally this was two different composited horizons consisteng of B/C (3) and C/B (3) but they were too similar I could not justify seperating them in the final split.
RMNP,Cr,RMNP_Cr_PRE_BULK,"1,3,5,6:Cr",4,Y,N,none,199.5,198.9,206.2,202,2556.5,805.1,1751.4,NA,-1.4999999999998863,7,28.2,18.8,68.55,87.35,77.94999999999999,1.2445178093269718,0.3149227459417172,736.8226958668464,1602.8707856678607,NA
BLAN,Ap1,BLAN_Ap1_PRE_BULK,1-5:Ap1,5,Y,Y,A-Horizon,174.2,272.5,172.5,10.1,946.4,629.9,316.5,NA,0.599999999999909,1,16.3,16.3,0,16.3,8.15,1.096171073328703,0.665574809805579,1189.2216814415601,597.5371680842258,NA
BLAN,Ap2,BLAN_Ap2_PRE_BULK,"1-3,5:Ap2",4,Y,N,none,210.9,59.1,256.5,19.399999999999999,981.1,545.7,435.4,NA,-0.1999999999999318,2,17.625,14.1,16.3,30.4,23.35,1.6142137715057239,0.5562124146366324,1265.9624928203546,1010.078925002716,NA
BLAN,AB,BLAN_AB_PRE_BULK,4:AB,1,Y,N,none,82,23.2,100,7,336.9,211.9,125,NA,-0.29999999999998295,3,24,4.8,30.4,35.199999999999996,32.8,0.8605421512190611,0.6289700207776789,259.80250307151425,153.25772951363504,NA
BLAN,Bt1,BLAN_Bt1_PRE_BULK,1-5:Bt1,5,Y,Y,Upper B-Horizon,243.7,782.7,245.5,42.5,2719.4,1321.2,1398.2,NA,6.7999999999999545,4,36.6,36.6,35.199999999999996,71.8,53.5,1.596117877043305,0.48584246524968744,2838.1903498152496,3003.6010801632474,NA
BLAN,Bt2,BLAN_Bt2_PRE_BULK,1-5:Bt2,5,Y,N,none,183.1,27.2,202.5,7.5,3142.7,431,2711.7,NA,10.700000000000045,5,46.1,46.1,71.8,117.9,94.85,1.2006644512437687,0.13714322079740351,759.0963836257857,4775.966736607988,NA
BLAN,Bt3,BLAN_Bt3_PRE_BULK,2-5:Bt3,4,Y,Y,Lower B-Horizon,433.9,110,512.4,33,1853.1999999999998,1095.8,757.4,NA,6.5,6,25.833333333333332,20.666666666666664,117.9,138.56666666666666,128.23333333333335,1.3901989565520898,0.5913015324843515,1698.8553318326203,1174.222511708365,NA
BLAN,Bt4,BLAN_Bt4_PRE_BULK,5:Bt4,1,Y,N,none,227.3,63.5,279.7,22.1,752.1999999999999,593.8,158.4,NA,1.1999999999999318,7,62,12.4,138.56666666666666,150.96666666666667,144.76666666666665,1.441521014966851,0.789417708056368,1411.0731475302741,376.4129110286213,NA
BLAN,2C1,BLAN_2C1_PRE_BULK,1:C1,1,Y,N,none,132.30000000000001,25.3,148.5,9.9,423.20000000000005,315.1,108.1,NA,-0.8999999999999773,8,32,6.4,150.96666666666667,157.36666666666667,154.16666666666669,1.492843073381612,0.7445652173913043,711.372177576629,244.0473893876027,"Dec2018 - Horizon should be ""C1 and C2"", not ""2C1, 2C2"". NOT a 2nd parent material.... fuck me."
BLAN,2C2,BLAN_2C2_PRE_BULK,1:C2,1,Y,N,none,214.9,63.6,277.8,21.8,754.1,590.7,163.4,NA,-12.600000000000136,9,61,12.2,157.36666666666667,169.56666666666666,163.46666666666667,1.4447472193650022,0.7833178623524731,1380.669490285461,381.92211733984146,"Dec2018 - Horizon should be ""C1 and C2"", not ""2C1, 2C2"". NOT a 2nd parent material.... fuck me."
SCBI,A,SCBI_A_PRE_BULK,1-5:A,5,N,Y,A-Horizon,135.4,80.3,414.5,21.4,242.5,695.9,307.8,NA,44.299999999999955,1,7.8,7.8,0,7.8,3.9,0.7892575992746023,0.6933346617515194,426.8313274897406,188.78959994444915,"(25May2017 Changed status to non-incubation)  Original <2mm=56g, >2mm=186g. Received extra material (761.2g) via grab bag sampling."
SCBI,BA,SCBI_BA_PRE_BULK,"1,2,5:BA",3,N,N,none,63.4,28.9,240.9,24.9,350.7,370.7,373.1,NA,12.600000000000023,2,9.666666666666666,5.8,7.8,13.6,10.7,1.377795096757554,0.4983866630814735,398.2713263961477,400.8498297232337,"(25May2017 Changed status to non-incubation) Original <2mm=35g, >2mm=315g. Received extra material (393.1g) via grab bag sampling."
SCBI,Bt1,SCBI_Bt1_PRE_BULK,1-5:Bt1,5,N,Y,Upper B-Horizon,411.1,182.5,476.5,27.9,1947,1112.2,2487.7,NA,14.200000000000045,3,22.166666666666668,22.166666666666668,13.6,35.766666666666666,24.683333333333334,1.7447240919844942,0.30895302647295764,1194.867098016545,2672.6046392157505,"(25May2017 Changed status to non-incubation) Original <2mm=208.3g, >2mm=1738.7g. Received extra material (1653.4g) via grab bag sampling."
SCBI,Bt2,SCBI_Bt2_PRE_BULK,"1,2,5:Bt2",3,N,Y,Lower B-Horizon,103.2,37,375.5,30.5,1248.3,563.2,1276.5,NA,17,4,29.5,17.7,35.766666666666666,53.46666666666667,44.61666666666667,1.5468287007587194,0.30613687014187096,838.1680958597271,1899.718704483206,"(25May2017 Changed status to non-incubation) Original <2mm=177.8g, >2mm=1070.5g. Received extra material (591.4g) via grab bag sampling."
SCBI,Bt3,SCBI_Bt3_PRE_BULK,"1,5:Bt3",2,N,N,none,89.9,29.5,176.5,26.6,1824.5,338.9,1485.6,NA,16.399999999999977,5,66,26.4,53.46666666666667,79.86666666666667,66.66666666666667,1.5300949212776784,0.18574952041655246,750.3260102425069,3289.1245819305636,(25May2017 Changed status to non-incubation)  Need to combine collected material
SCBI,C/B,SCBI_C/B_PRE_BULK,3:C/B,1,N,N,none,-,-,-,-,1369.7,166.4,1203.3,NA,166.4,9,83,16.6,79.86666666666667,96.46666666666667,88.16666666666667,1.7880522927532938,0.12148645688836972,360.5920687110213,2607.574737259447,"(25May2017 Changed status to non-incubation)  Not enough sample to split, will not ship to collaborators"
SCBI,BC1,SCBI_BC1_PRE_BULK,"1,2,4,5:BC1",4,N,N,none,165.7,220,164.8,37.200000000000003,2734.7,598.1,2136.6,NA,10.399999999999977,6,42.875,34.3,96.46666666666667,130.76666666666665,113.61666666666666,1.5524737629878782,0.2187077193110762,1164.6153262572352,4160.3696807911865,(25May2017 Changed status to non-incubation)  Need to combine collected material
SCBI,BC2,SCBI_BC2_PRE_BULK,2:BC2,1,N,N,none,-,-,-,-,700.2,138.3,561.9,NA,138.3,7,43.5,8.7,130.76666666666665,139.46666666666664,135.11666666666665,1.7081715908283763,0.19751499571550984,293.52886886612544,1192.580415154562,"(25May2017 Changed status to non-incubation)  Not enough sample to split, will not ship to collaborators"
SCBI,CB,SCBI_CB_PRE_BULK,4:CB,1,N,N,none,-,-,-,-,997.5,272.9,724.6,NA,272.9,8,61,12.2,139.46666666666664,151.66666666666663,145.56666666666663,1.8426595538527675,0.2735839598997494,615.0289589379776,1633.0156967623984,"(25May2017 Changed status to non-incubation)  Not enough sample to split, will not ship to collaborators"
SCBI,2Bt,SCBI_2Bt_PRE_BULK,3:2Bt,1,N,N,none,-,-,-,-,469.09999999999997,53.4,415.7,NA,-53.4,10,31,6.2,151.66666666666663,157.86666666666662,154.76666666666662,1.7742363670358912,0.11383500319761246,125.2215255592076,974.805022003045,"(25May2017 Changed status to non-incubation)  Not enough sample to split, will not ship to collaborators"
DCFS,Oi,DCFS_Oi_PRE_BULK,"1,3:Oi",2,Y,N,none,-,-,-,-,1,1,0,0,1,1,3.5,1.4,0,1.4,0.7,NA,1,NA,NA,Material kept at OSU
DCFS,A1,DCFS_A1_PRE_BULK,1-5:A1,5,Y,Y,A-Horizon,174.9,236.1,195.4,19.010000000000002,896.4,657.2,239.19999999999993,14.02,31.790000000000077,2,16.5,16.5,1.4,17.9,9.649999999999999,1.0555068265769714,0.7218646339052306,1257.1895307699044,484.3967330820985,NA
DCFS,A2,DCFS_A2_PRE_BULK,1-3:A2,3,Y,N,none,183.6,30.3,205.2,19.37,612.8,442,170.79999999999995,0.65,3.5299999999999727,3,14.166666666666666,8.5,17.9,26.4,22.15,1.4954797473061172,0.7205151194066347,915.8884033954002,355.2693818147993,NA
DCFS,B/A,DCFS_B/A_PRE_BULK,"4,5:B/A",2,Y,N,none,171,26.9,192.6,19.36,613.3,412.6,200.69999999999993,0.28,2.740000000000009,4,20,8,26.4,34.4,30.4,1.6737704958107846,0.6724469506828776,900.4174928407442,438.59890380788346,NA
DCFS,Bw1,DCFS_Bw1_PRE_BULK,1-3:Bw1,3,Y,Y,Upper B-Horizon,136.1,389.6,151.4,15.21,1192.8,695.6,497.19999999999993,0.3,3.2899999999999636,5,25.666666666666668,15.4,34.4,49.8,42.099999999999994,1.5830682091014705,0.5830190260665494,1421.3566836195741,1016.5683583966904,NA
DCFS,Bw2,DCFS_Bw2_PRE_BULK,3:Bw2,1,Y,N,none,63.6,10.199999999999999,72.900000000000006,7.21,200.8,155.9,44.900000000000006,0.05,1.990000000000009,6,14,2.8,49.8,52.599999999999994,51.199999999999996,1.6495097807150658,0.776201145133184,358.49838659583793,103.36435200438048,NA
DCFS,Bk1,DCFS_Bk1_PRE_BULK,"1,2,4,5:Bk1",4,Y,N,none,401.3,65,450.7,43.27,1722.8,965.3,757.5,0.53,5.029999999999973,7,26.75,21.4,52.599999999999994,74,63.3,1.6821501645399328,0.5601364799545067,2016.380057909425,1583.421294206031,NA
DCFS,Bk2,DCFS_Bk2_PRE_BULK,"1,2,4.5:Bk2",4,Y,Y,Lower B-Horizon,275.39999999999998,411.6,308.39999999999998,30.25,2331.7,1222.8,1108.8999999999999,0.25,197.14999999999986,8,33.75,27,74,101,87.5,1.846621800161215,0.524368018182208,2614.4354169430135,2371.4434434922664,NA
WOOD,Apk,WOOD_Apk_PRE_BULK,1-5:Apk,5,Y,Y,A-Horizon,275.39999999999998,411.6,308.39999999999998,30.25,1377.3,1033.5,343.79999999999995,9.24,7.849999999999909,1,17.6,17.6,0,17.6,8.8,1.8864781439419134,0.7453805876498334,2474.8137700351836,845.3877633025845,NA
WOOD,AB,WOOD_AB_PRE_BULK,4:AB,1,Y,N,none,41.6,6.4,69.099999999999994,1.67,139.04,119.74,19.299999999999997,1,-0.9699999999999989,2,7.5,1.5,17.6,19.1,18.35,2.332367750982513,0.8550414167380749,299.14065392314285,50.71450872423415,NA
WOOD,Bk1,WOOD_Bk1_PRE_BULK,"1,3-5:Bk1",4,Y,Y,Upper B-Horizon,166.7,488.1,191.4,19.14,1000.8,869.4,131.39999999999998,0.75,4.060000000000059,3,18.833333333333332,15.066666666666666,19.1,34.16666666666667,26.633333333333336,2.396583411181107,0.8680545155009735,3134.416678121399,476.43566139146884,NA
WOOD,Bk2,WOOD_Bk2_PRE_BULK,5:Bk2,1,Y,N,none,146.19999999999999,24.2,164.7,16.21,453.6,353.4,100.20000000000005,0.09,2.090000000000032,4,31,6.2,34.16666666666667,40.366666666666674,37.26666666666667,1.6254228811356874,0.7789459763274482,784.9923001165513,222.76988618757488,NA
WOOD,2Ck,WOOD_2Ck_PRE_BULK,1-5:2Ck,5,Y,Y,Lower B-Horizon,290,828.6,326.8,31.91,2027,1483,544,0.43,5.690000000000055,5,20.6,20.6,40.366666666666674,60.966666666666676,50.66666666666667,1.7406182196428053,0.7314679175113321,2622.805151667075,962.8683807971041,NA
NGPR,A,NGPR_A_PRE_BULK,1-5:A,5,Y,Y,A-Horizon,316.3,478.6,356.1,31.39,1526.2,1189.4,336.79999999999995,5.87,7.009999999999991,1,25.7,25.7,0,25.7,12.85,1.3616484965561124,0.7763352849412887,2716.736138058881,782.700498090328,NA
NGPR,Bt1,NGPR_Bt1_PRE_BULK,1-5:Bt1,5,Y,Y,Upper B-Horizon,286.60000000000002,818.9,320.10000000000002,32.81,1895.1,1463.5,431.5999999999999,0.53,5.0900000000001455,2,25.5,25.5,25.7,51.2,38.45,1.7151732820249599,0.7720388472433967,3376.6600288669197,997.0318402967283,NA
NGPR,Bt2,NGPR_Bt2_PRE_BULK,2:Bt2,1,Y,N,none,114.8,20.2,127.4,9.57,361.2,173.91,187.29,0.11,-98.05999999999997,3,27,5.4,51.2,56.6,53.900000000000006,1.5319711283190227,0.48133182032050037,398.18868401101287,429.0757252812594,NA
NGPR,Btk1,NGPR_Btk1_PRE_BULK,1-5:Btk1,5,Y,Y,Lower B-Horizon,432.6,73.599999999999994,489.9,49.64,1825.9,1049.7,776.2,0.18,3.9600000000000364,4,24.2,24.2,56.6,80.8,68.7,1.6951965647647735,0.5748379041443967,2358.2010417732354,1744.1746449575162,NA
NGPR,Btk2,NGPR_Btk2_PRE_BULK,1:Btk2,1,Y,N,none,101.1,16.2,128.9,9.7200000000000006,322.23,275.24,46.99000000000001,0.05,19.32000000000002,5,19.5,3.9,80.8,84.7,82.75,1.8647780652518315,0.8540399652476107,621.1120476764506,106.15139777176373,NA
STER,Ap1,STER_Ap1_PRE_BULK,1-5:Ap1; 1:Ap2,5,Y,Y,A-Horizon,179.8,271.5,199.15,20.149999999999999,1286.5,674.1,610.8,0.1,3.5,1,21.666666666666668,21.666666666666668,0,21.666666666666668,10.833333333333334,1.174815766304592,0.524591439688716,1335.3129707985775,1210.1211895280385,NA
STER,Ap2,STER_Ap2_PRE_BULK,1:Ap2; 4:A,2,Y,N,none,159.5,27.4,182.6,18.47,756.2,391.3,363.2,0.2,-3.329999999999984,2,30.5,12.2,21.666666666666668,33.86666666666667,27.766666666666666,1.3669028638907985,0.5184841658937326,864.6353393154534,802.9861546313207,NA
STER,A/B,STER_A/B_PRE_BULK,"1,2:AB",2,Y,N,none,55.1,8.4600000000000009,90.3,2.38,290.9,159,131,0,2.759999999999991,3,14,5.6,33.86666666666667,39.46666666666667,36.66666666666667,1.1885334330802508,0.5482758620689655,364.9207478671225,300.657974657818,NA
STER,Bt,STER_Bt_PRE_BULK,4:Bt,1,Y,N,none,104.3,18.12,120,12.42,580.2,257.2,321.8,0,2.359999999999985,4,47,9.4,39.46666666666667,48.86666666666667,44.16666666666667,1.3711833016163295,0.44421416234887734,572.55309924901,716.3592042703399,NA
STER,Bkt1,STER_Bkt1_PRE_BULK,1-3:Btk,3,Y,Y,Upper B-Horizon,130,373.7,143.19999999999999,14.6,1020.2,664.8,355.4,0.1,3.2999999999999545,5,29.333333333333332,17.6,48.86666666666667,66.46666666666667,57.66666666666667,1.334278044351289,0.651573066745075,1530.1081615575192,818.2211965007493,NA
STER,A',STER_A'_PRE_BULK,5:A',1,Y,N,none,-,-,-,-,64.9,48.8,15.8,0,48.8,6,5,1,66.46666666666667,67.46666666666667,66.96666666666667,1.7206321845315973,0.7554179566563468,129.97964489960054,42.08357355355918,Horizon not shipped due to limited mass
STER,Bkt2,STER_Bkt2_PRE_BULK,"1-3,5:Btk2; 4:Btk",4,Y,Y,Lower B-Horizon,356.5,1049.7,411.6,40.799999999999997,3142.3,1868.3,1270.7,0,9.699999999999818,7,47.8,38.239999999999995,67.46666666666667,105.70666666666666,86.58666666666667,1.3823091718253022,0.5951895508123606,3146.1423686390294,2139.8079044209253,Horizon not shipped due to limited mass
STER,B/C,STER_B/C_PRE_BULK,5:B/C,1,Y,N,none,138.49,17.52,155.69999999999999,15.55,625.6,331.7,291.8,0,4.439999999999941,8,44,8.8,105.70666666666666,114.50666666666666,110.10666666666665,1.4921231049279489,0.5319967923015236,698.5481408757796,614.5201914608156,NA
STER,Ck,STER_Ck_PRE_BULK,"1,2,4:Ck",3,Y,N,none,360.3,56.35,405.8,40.5,1231.4,867.7,362.6,0,4.75,9,29.5,17.7,114.50666666666666,132.20666666666665,123.35666666666665,1.5989371740018736,0.7052751361456555,1996.0124205560626,834.106377427254,NA
STER,C,STER_C_PRE_BULK,3:C,1,Y,N,none,214.2,33.6,241.3,34.43,604.9,516.6,86.8,0,-6.92999999999995,10,43,8.6,132.20666666666665,140.80666666666664,136.50666666666666,1.5564382814678213,0.8561484918793504,1145.9863671484882,192.55055491383806,NA
BART,Oe,BART_Oe_PRE_BULK,5:Oe,1,N,N,none,-,-,-,-,3.4,1.1,2,0,-1.1,1,2,0.4,0,0.4,0.2,0.34637460250995417,0.3548387096774194,4.916284680786447,8.938699419611721,Horizon not shipped due to limited mass (25May2017 Changed status to non-incubation)
BART,OA,BART_OA_PRE_BULK,"1-3,5:OA",4,N,Y,A-Horizon,137.4,363.8,166.5,20.8,994.7,695.7,296,0.3,7.2000000000000455,2,8,6.4,0.4,6.800000000000001,3.6000000000000005,0.5060082962469638,0.7013104838709678,227.1161107735566,96.72919882450022,"Additional sample collected via grab bag. Original <2mm = 6g & >2mm 1106. 
 (25May2017 Changed status to non-incubation) // Original horizon = A, but found to be 70% OM so changed to OA August 2017 -ACG"
BART,AE,BART_AE_PRE_BULK,1:AE,1,N,N,none,-,-,-,-,47.6,16.3,30.8,0,16.3,3,5.5,1.1,6.800000000000001,7.9,7.3500000000000005,1.0248897229851148,0.346072186836518,39.01544104697051,73.72242848139214,Horizon not shipped due to limited mass (25May2017 Changed status to non-incubation)
BART,BE,BART_BE_PRE_BULK,3:BE,1,N,N,none,-,-,-,-,145.2,31.9,107.8,0,31.9,4,12,2.4,7.9,10.3,9.100000000000001,1.399069079969901,0.2283464566929134,76.67339209913789,259.1031870936383,Horizon not shipped due to limited mass(25May2017 Changed status to non-incubation)
BART,EB,BART_EB_PRE_BULK,5:EB,1,N,N,none,-,-,-,-,282.5,87.8,193.6,0,87.8,5,22,4.4,10.3,14.700000000000001,12.5,1.3969114584432554,0.31201137171286425,191.7749945365311,422.8660471785013,Horizon not shipped due to limited mass (25May2017 Changed status to non-incubation)
BART,E,BART_E_PRE_BULK,"1,2,4:E",3,N,N,none,-,-,-,-,93.6,39.5,54.2,0,39.5,6,2,1.2,14.700000000000001,15.9,15.3,0.9768700605457675,0.4215581643543223,49.41690594436433,67.80750132112777,Horizon not shipped due to limited mass (25May2017 Changed status to non-incubation)
BART,Bw,BART_Bw_PRE_BULK,"1,3:Bw",2,N,N,none,172.9,48.9,256.10000000000002,35,990.9,516.3,471.2,NA,3.3999999999998636,7,26.5,10.6,15.9,26.5,21.2,2.234256235282658,0.5228354430379747,1238.237249552428,1130.0743598471895,Horizon not shipped due to limited mass (25May2017 Changed status to non-incubation)
BART,Bhs,BART_Bhs_PRE_BULK,4:Bhs,1,N,N,none,-,-,-,-,26.6,15.4,10.5,0,15.4,8,30,6,26.5,32.5,29.5,1.6819627992395387,0.5945945945945946,600.0515932422138,409.1260863015094,"Seived, rootpicked, NEED TO REQUEST ARCHIVE MATERIAL   (25May2017 Changed status to non-incubation)"
BART,Bs,BART_Bs_PRE_BULK,"2,4:Bs",2,N,N,none,48.1,14.6,69.8,12.6,509.8,151.6,356.8,0,6.5,9,19.25,7.7,32.5,40.2,36.35,0.7899341007093222,0.2981904012588513,181.37409017309326,426.8751673730849,"Seived, rootpicked, NEED TO REQUEST ARCHIVE MATERIAL   (25May2017 Changed status to non-incubation)"
BART,Bo,BART_Bo_PRE_BULK,5:Bo,1,N,N,none,60.9,23.3,72,16.8,246.8,168.5,72.7,0,-4.5,10,15,3,40.2,43.2,41.7,1.8283620788187496,0.6985903814262023,383.18284860815834,165.3257750374665,"Seived, rootpicked, NEED TO REQUEST ARCHIVE MATERIAL  (25May2017 Changed status to non-incubation)"
BART,Bgs1,BART_Bgs1_PRE_BULK,1-5:Bgs1,5,N,Y,Upper B-Horizon,386.5,403,472.6,70.099999999999994,2533.6,1345.7,1184.3,0,-13.500000000000227,11,30.25,30.25,43.2,73.45,58.325,1.6454255807596645,0.531897233201581,2647.4718743816397,2329.9405074163456,NEED NEON ARCHIVE  (25May2017 Changed status to non-incubation)
BART,Bgs2,BART_Bgs2_PRE_BULK,2:Bgs2,1,N,N,none,108.9,52.8,191.3,36.299999999999997,659.8,392.1,266.1,0,2.8000000000000114,12,35.5,7.1,73.45,80.55,77,2.055390477974899,0.5957155879671833,869.3439844331662,589.9832549290118,"Seived, rootpicked, NEED TO REQUEST ARCHIVE MATERIAL  (25May2017 Changed status to non-incubation)"
BART,Bgs3,BART_Bgs3_PRE_BULK,2:Bgs3,1,N,N,none,134.5,51.3,134.6,37.4,562.7,359.1,202.6,0,1.3000000000000682,13,32,6.4,80.55,86.95,83.75,1.9786350338142982,0.6393092398077266,809.5741819678428,456.7522396733081,"Seived, rootpicked, NEED TO REQUEST ARCHIVE MATERIAL  (25May2017 Changed status to non-incubation)"
BART,Bg,BART_Bg_PRE_BULK,1:Bg,1,N,N,none,120.5,119.5,220.6,25.1,854.6,489.9,362.3,0,4.199999999999932,14,40,8,86.95,94.95,90.95,2.3517227555748095,0.5748650551513729,1081.5385852674012,799.8396191924464,"Seived, rootpicked, NEED TO REQUEST ARCHIVE MATERIAL  (25May2017 Changed status to non-incubation)"
BART,BC,BART_BC_PRE_BULK,1-5:BC,5,N,Y,Lower B-Horizon,598.20000000000005,612.6,123.8,103.2,1637.2,1576.4,61,NA,138.5999999999999,15,47.1,47.1,94.95,142.05,118.5,1.9129643360610806,0.9627458165384145,8674.399519248258,335.66250359943194,(25May2017 Changed status to non-incubation)
HARV,OA,HARV_OA_PRE_BULK,1-5:OA,5,N,Y,A-Horizon,100.4,23.8,347.4,40,101.2,512.9,41.4,0.1,1.3000000000000114,1,5.833333333333333,5.833333333333333,0,5.833333333333333,2.9166666666666665,0.34629629227371406,0.9251443001443002,186.88485722557652,15.121313267423329,"28April2017 Additional grab sample sterilized in RH @150C 2hrs upon sample arrival. (24May2017 incubation status changed to non-inc. Original <2mm composite horizon from 5 cores = 59.5g) // Original horizon = A, but found to be 70% OM so changed to OA August 2017 -ACG"
HARV,AB,HARV_AB_PRE_BULK,1:AB,1,N,N,none,-,-,-,-,60.6,512.9,18.5,0,512.9,2,10,2,5.833333333333333,7.833333333333333,6.833333333333333,0.768035761706646,0.9651863003387279,148.2595190738949,5.347633267434308,"Horizon not shipped due to limited mass (24May2017 incubation status changed to non-inc.) During compositing 7Dec2015, we realized the colors for the 6-16cm horizon was very dark and had lots of roots. We reclassified the second horizon to be an AB instead of a Bw1, and  all the subsequent horizons were also shifted. These new horizon labels were used for compositing."
HARV,Bw1,HARV_Bw1_PRE_BULK,1-5:Bw1,5,N,Y,Upper B-Horizon,94.4,264,105.9,10.43,1093.7,480.8,613.8,0,6.07000000000005,3,15.375,15.375,7.833333333333333,23.208333333333332,15.520833333333332,1.1001382337759729,0.439247213594007,742.9702051472798,948.4923292832784,"Composited, seived, rootpicked, ready for shipping (24May2017 incubation status changed to non-inc.)"
HARV,Bw2,HARV_Bw2_PRE_BULK,"1,2,4:Bw2; 3,5:Bw3",5,N,N,none,67.7,11.06,76.8,7.91,474.6,165.4,308.3,0,1.9300000000000068,4,25.166666666666668,25.166666666666668,23.208333333333332,48.375,35.791666666666664,1.3756940367974078,0.34916613890648085,1208.8702007821396,2253.2931251580035,"Composited, seived, rootpicked, ready for shipping (24May2017 incubation status changed to non-inc.)"
HARV,Bw3,HARV_Bw3_PRE_BULK,"3,5:Bw2",2,N,Y,Lower B-Horizon,93.5,274.10000000000002,107.3,11.66,1285,500.1,783.9,0,13.539999999999964,5,12.5,5,48.375,53.375,50.875,2.1453765465461068,0.3894859813084112,417.79704475378037,654.891228519273,"Composited, seived, rootpicked, ready for shipping (24May2017 incubation status changed to non-inc.)"
HARV,2BC,HARV_2BC_PRE_BULK,2:2BC,1,N,N,none,68.739999999999995,11.8,78.31,7.28,628.5,168,459.1,0.1,-1.8700000000000045,6,41,8.2,53.375,61.575,57.475,1.5292162872228356,0.26785714285714285,335.88143451501566,918.0759210077096,"Composited, seived, rootpicked, ready for shipping (24May2017 incubation status changed to non-inc.)"
HARV,2CB,HARV_2CB_PRE_BULK,4:2CB,1,N,N,none,46.31,6.78,76.099999999999994,2.11,416.6,132.7,283.3,0,1.3999999999999773,7,24.5,4.9,61.575,66.47500000000001,64.025,1.9346190199207924,0.3189903846153846,302.3911839718983,645.5721357892902,"Composited, seived, rootpicked, ready for shipping (24May2017 incubation status changed to non-inc.)"
SERC,A,SERC_A_PRE_BULK,1-5:A,5,Y,Y,A-Horizon,93.2,144.69999999999999,106.2,10.9,378.2,357.5,16.4,3,2.500000000000057,1,8.7,8.7,0,8.7,4.35,1.0700918268019135,0.948527460864951,883.0599905308177,47.91989878684709,NA
SERC,AB,SERC_AB_PRE_BULK,"1,3,4,5:AB; 2:A/B",5,Y,N,none,263.39999999999998,45,300.10000000000002,29.9,732.4,643.9,76,9.4,5.5,2,11.7,11.7,8.7,20.4,14.549999999999999,1.421226483791445,0.8829014123131771,1468.1193576149383,194.7156284210524,NA
SERC,Bt1,SERC_Bt1_PRE_BULK,1-5:Bt1,5,Y,Y,Upper B-Horizon,263.2,766.4,300.5,30.54,1622.1,1368.1,248.4,1.6,7.460000000000036,3,27.5,27.5,20.4,47.9,34.15,1.4620432979517486,0.8454978060688462,3399.4246021886256,621.1944671786831,NA
SERC,Bt2,SERC_Bt2_PRE_BULK,1:Bt2,1,Y,N,none,109.9,17.399999999999999,120,11.5,313.4,260.7,50.9,0,1.8999999999999773,4,24.259999999999998,4.851999999999999,47.9,52.751999999999995,50.32599999999999,1.4496028849566767,0.8366495507060334,588.4552190850493,114.89210069593017,NA
SERC,Bt3,SERC_Bt3_PRE_BULK,1:Bt3,1,Y,N,none,144.69999999999999,23.3,161.80000000000001,15.21,387.8,348.7,37.1,0.6,3.6899999999999977,5,22.240000000000002,4.448,52.751999999999995,57.199999999999996,54.976,1.8910512208051977,0.9024327122153208,759.0718752511252,82.0677077630268,NA
SERC,Btg1,SERC_Btg1_PRE_BULK,3-5:Btg1,3,Y,N,none,256,43.1,286.89999999999998,26.24,1388.8,616.9,751.6,0.1,4.659999999999968,6,33,19.8,57.199999999999996,77,67.1,1.429022161845351,0.450752593891568,1275.3881834370495,1554.0756970167456,NA
SERC,Btg2,SERC_Btg2_PRE_BULK,3:Btg2,1,Y,N,none,115.4,19.600000000000001,132.69999999999999,13.29,678.5,284.6,391.2,0,3.6100000000000136,7,54,10.8,77,87.8,82.4,1.3615072118862324,0.42113051198579465,619.242007551121,851.1857812860101,NA
SERC,Btg3,SERC_Btg3_PRE_BULK,"2:Btg; 3:Btg3; 4,5:Btg2",4,Y,Y,Lower B-Horizon,218.5,623.5,241.7,23.12,2462.1,1114.2,1333.6,0.1,7.380000000000109,8,47.5,38,87.8,125.8,106.8,1.4293262350724458,0.4551656521916745,2472.204790329398,2959.2349029458965,NA
SERC,BC,SERC_BC_PRE_BULK,1:BC,1,Y,N,none,240.4,40.299999999999997,265.10000000000002,25.66,896.8,575.2,319.8,0.1,-3.740000000000123,9,56,11.2,125.8,137,131.4,1.7001127719868252,0.6426097642721484,1223.6101557596253,680.5161488656188,NA
SERC,B/C,SERC_B/C_PRE_BULK,2:B/C,1,Y,N,none,133.30000000000001,22.3,145.30000000000001,15.74,969.8,320.1,648.1,0,3.4599999999999795,10,62.5,12.5,137,149.5,143.25,1.704126120105167,0.33061350960545344,704.2588967228671,1425.8987534085913,NA
SERC,C,SERC_C_PRE_BULK,1:C,1,Y,N,none,66.3,9.5,108.1,1.98,334.3,187.7,146.6,0,1.8200000000000216,11,18,3.6,149.5,153.1,151.3,1.324389937308969,0.561471731977266,267.6987042890866,209.08167314214222,NA
SERC,Btg4,SERC_Btg4_PRE_BULK,5:Btg3,1,Y,N,none,-,-,-,-,621.7,162.2,456.2,0,162.2,NA,56,11.2,153.1,164.29999999999998,158.7,1.2682395379713614,0.26228978007761966,372.56382184028035,1047.8644606876444,Horizon not shipped due to limited mass
ORNL,Oe,ORNL_Oe_PRE_BULK,3:Oe,1,N,N,none,-,-,-,-,10.1,10.1,0,NA,10.1,1,2.5,0.5,0,0.5,0.25,0.4212687546635005,1,21.063437733175025,0,(25May2017 Changed status to non-incubation) Horizon not shipped due to limited mass
ORNL,A,ORNL_A_PRE_BULK,"1,2,4,5:A",4,N,Y,A-Horizon,404.8,1368.7,412.4,305.39999999999998,3453.6,2510.2,946.7,NA,18.899999999999636,2,8,6.4,0.5,6.9,3.7,0.6938244291381391,0.7261419190604299,322.4416015778404,121.60603307056866,"(25May2017 Changed status to non-incubation) 6Feb2017 Grab sample sterilized in RH @150C 2hrs upon sample arrival. Received grab bag sample from nearby ""Walker Branch"". Original <2mm = 175g and >2mm=49.1g. Additional grab bag sample added 3277.8g whole soil."
ORNL,AE,ORNL_AE_PRE_BULK,3:AE,1,N,N,none,-,-,-,-,81.3,39.2,42.1,NA,39.2,3,7.5,1.5,6.9,8.4,7.65,1.119527549381991,0.48216482164821645,80.96952017670488,86.95961223059379,(25May2017 Changed status to non-incubation)  Horizon not shipped due to limited mass
ORNL,E,ORNL_E_PRE_BULK,2-5:E; 3:E2,4,N,N,none,171.1,33.9,211.1,11.6,1428.6,427.5,1001.1,NA,-0.20000000000004547,4,17.6,14.080000000000002,8.4,22.480000000000004,15.440000000000001,1.6434812043152192,0.2992440151196976,692.4570954090835,1621.5644402667454,NA
ORNL,EB,ORNL_EB_PRE_BULK,1:EB,1,N,N,none,65.099999999999994,11.1,69.8,8.8000000000000007,362.2,155,207.2,NA,0.19999999999998863,5,23,4.6,22.480000000000004,27.080000000000005,24.780000000000005,1.6770424866186444,0.4279403644395362,330.1301195359176,441.30942430865883,(25May2017 Changed status to non-incubation)
ORNL,Bt1,ORNL_Bt1_PRE_BULK,1-5:Bt1,5,N,Y,Upper B-Horizon,218.1,453.4,230.1,10,1690.8,911.9,778.9,NA,0.2999999999999545,6,22.4,22.4,27.080000000000005,49.480000000000004,38.28,1.620121045992813,0.5393304944405015,1957.2687339268366,1671.8024090970644,(25May2017 Changed status to non-incubation)
ORNL,Bt2,ORNL_Bt2_PRE_BULK,1-5:Bt2,5,N,Y,Lower B-Horizon,247.3,506.9,250.5,9.3000000000000007,4698.7,1014.9,3683.8,NA,-0.8999999999999773,7,65.2,65.2,49.480000000000004,114.68,82.08000000000001,1.5751847591416681,0.21599591376338137,2218.322233508156,8051.882396095521,(25May2017 Changed status to non-incubation)
ORNL,Bt3,ORNL_Bt3_PRE_BULK,"1,2:Bt3",2,N,N,none,147,28.4,214.7,12.2,1544.3,429.6,1114.7,NA,27.30000000000001,8,55,22,114.68,136.68,125.68,1.515437991839005,0.27818429061710803,927.4562940146863,2406.507288031125,(25May2017 Changed status to non-incubation)
GRSM,A,GRSM_A_PRE_BULK,1-4:A,4,Y,Y,A-Horizon,182.6,246.5,245,9.4,766.2,685.9,80.3,NA,2.3999999999999773,1,20.625,20.625,0,20.625,10.3125,0.9478032228565751,0.8951970764813365,1749.9707654978893,204.8733816437971,NA
GRSM,AB,GRSM_AB_PRE_BULK,"1,3:AB",2,Y,N,none,185.3,12.7,86.7,6.2,204.7,191.2,13.5,NA,-99.69999999999999,2,10.25,5.125,20.625,25.75,23.1875,1.1289924323238212,0.9340498290180752,540.4492840420676,38.15933752389077,NA
GRSM,Bw1,GRSM_Bw1_PRE_BULK,1:Bw1,1,Y,N,none,77.2,14.3,83.4,7.8,199.6,184.7,14.9,NA,1.9999999999999716,3,13,3.25,25.75,29,27.375,1.4987096745547983,0.9253507014028056,450.72041577824723,36.360228452062174,NA
GRSM,Bw2,GRSM_Bw2_PRE_BULK,1:Bw2,1,Y,N,none,126.6,24.3,128.5,12,511.8,291.9,219.9,NA,0.5,4,29,7.25,29,36.25,32.625,1.8565401009623086,0.5703399765533411,767.6728022985559,578.3187708991178,NA
GRSM,Bt1,GRSM_Bt1_PRE_BULK,2-4:Bt1,3,Y,Y,Upper B-Horizon,260.8,547.29999999999995,277.5,13.2,1273.3,1100.9,172.4,NA,2.1000000000001364,5,29,21.75,36.25,58,47.125,1.5380016599429887,0.8646037854394094,2892.232474407397,452.9211359686032,NA
GRSM,Bt2,GRSM_Bt2_PRE_BULK,3:Bt2,1,Y,Y,Lower B-Horizon,87.9,217.4,87.9,6.6,557.1,400.4,156.7,NA,0.599999999999909,6,33,8.25,58,66.25,62.125,1.7262375196461959,0.7187219529707414,1023.564961164473,400.5809925436386,NA
GRSM,C,GRSM_C_PRE_BULK,4:C,1,Y,N,none,182.6,246.5,245,9.4,693,350.8,342.2,NA,-332.7,7,42,10.5,66.25,76.75,71.5,1.8189434765738908,0.5062049062049062,966.796017548668,943.0946328539173,NA
MLBS,Oe,MLBS_Oe_PRE_BULK,"1,2:Oe",2,Y,N,none,-,-,-,-,3.5,3.5,0,NA,3.5,1,2.25,0.9,0,0.9,0.45,0.10120241758894585,1,9.108217583005127,0,Horizon not shipped due to limited mass
MLBS,A,MLBS_A_PRE_BULK,1-5:A,5,Y,Y,A-Horizon,0,172.8,0,0,197.3,172.8,24.5,NA,0,2,9.1,9.1,0.9,10,5.45,0.4579414354325612,0.8758236188545363,364.9790919356279,51.747614308002774,Brian will composite and send to others // November 2017 Sample from VT sent to all collaborators // December 2017 KH notes the LF size and suggests changing the A designation to an OA //
MLBS,AB,MLBS_AB_PRE_BULK,4:AB,1,Y,N,none,-,-,-,-,57.1,56.6,0.5,NA,56.6,3,7,1.4,10,11.4,10.7,0.597546356262591,0.9912434325744308,82.92394618257042,0.7325436941923188,Horizon not shipped due to limited mass
MLBS,Bw1,MLBS_Bw1_PRE_BULK,1-5:Bw1,5,Y,Y,Upper B-Horizon,381.9,813.3,391.3,13.5,1734.1,1601.3,132.8,NA,1.300000000000182,4,25.9,25.9,11.4,37.3,24.349999999999998,1.3203001335415663,0.923418487976472,3157.7009422443252,261.8764036283309,NA
MLBS,Bw2,MLBS_Bw2_PRE_BULK,"3,5:Bw2",2,Y,N,none,79.400000000000006,205.2,51.9,5.2,411.9,342.1,69.8,NA,0.4000000000000341,5,12.25,4.9,37.3,42.199999999999996,39.75,1.8127698850541947,0.8305413935421219,737.7344089870104,150.52283468954496,NA
MLBS,Bg,MLBS_Bg_PRE_BULK,"1,2:Bg",2,Y,Y,Lower B-Horizon,154.80000000000001,396.2,153.30000000000001,13,739.4,718.9,20.5,NA,1.6000000000000227,6,24,9.6,42.199999999999996,51.8,47,1.5713841958288715,0.9722748174195294,1466.7045908116318,41.824237184084616,NA
MLBS,2C,MLBS_2C_PRE_BULK,"3,4:2C1; 3:2C2",2,Y,N,none,340.1,58.5,391.1,9.6,945.1,799.3,145.8,NA,0,7,28.75,11.5,51.8,63.3,57.55,1.7735812181002244,0.8457306105174056,1724.9677153440227,314.65068547123536,NA
MLBS,2Cg1,MLBS_2Cg1_PRE_BULK,1:2Cg1; 1:2Cg2,1,Y,N,none,87.4,14.1,111.2,9.1,662.2,222.5,439.7,NA,0.700000000000017,8,23.25,4.65,63.3,67.95,65.625,1.6185664958954176,0.33600120809423134,252.8857385707938,499.7476820205754,NA
MLBS,2Cg2,MLBS_2Cg2_PRE_BULK,"1,4,5:2Cg1; 2:Cg2",3,Y,N,none,354.2,54.5,504.3,13.2,1316.8,942.2,374.6,NA,16,9,24.333333333333332,14.6,67.95,82.55,75.25,1.7675969544587486,0.7155224787363305,1846.5428172212241,734.1487362885489,"Dec2018 - should this compositing scheme read 4,5:2Cg1; 2:2Cg2?"
TALL,A1,TALL_A1_PRE_BULK,"1,2,4,5:A1",4,Y,Y,A-Horizon,40.5,229.4,84.8,17.899999999999999,330,372.8,NA,497.8,0.20000000000004547,1,6.5,5.2,0,5.2,2.6,1.288251473037331,0.42821042958878935,286.8542126776072,383.0365533018048,"NRCS APHIS Archive sample (153g) arrived 12June2017, steralized 150C for 2hrs upon arrival. Original <2mm composite horizon from 5cores =223g"
TALL,A2,TALL_A2_PRE_BULK,"1,2:A2",2,Y,N,none,117,116.2,203,31.7,525,470.2,54.8,NA,2.3000000000000114,2,19.5,7.8,5.2,13,9.1,1.478764218587342,0.8956190476190476,1033.03933286137,120.39675763675682,NA
TALL,A/B,TALL_A/B_PRE_BULK,3-5:A/B,3,Y,N,none,96.9,97.4,174.4,25.1,557.4,394.5,162.9,NA,-0.6999999999999318,3,11.666666666666666,7,13,20,16.5,1.7279208077317838,0.7077502691065662,856.0554916669038,353.48907374534497,NA
TALL,Bt1,TALL_Bt1_PRE_BULK,"1,3,4:Bt1; 2:Bt2",4,Y,Y,Upper B-Horizon,368.3,421.6,523.6,53.9,3041,2828.3,212.7,NA,1460.9,4,62.125,49.7,20,69.7,44.85,1.257368110537999,0.9300559026635976,5812.0304861434,437.08902323045606,Extra material kept at OSU
TALL,Bt2,TALL_Bt2_PRE_BULK,"1,3-5:Bt2; 2:Bt1",5,Y,N,none,575,500.9,2128.1999999999998,89.9,3828.9,3307.7,521.2,NA,13.699999999999818,5,55.6,55.6,69.7,125.30000000000001,97.5,1.699566240854113,0.8638773538091881,8163.28533445499,1286.3029646938778,NA
TALL,Bt3,TALL_Bt3_PRE_BULK,1-3:Bt3; 5:Bt1,4,Y,Y,Lower B-Horizon,455,936.9,523.20000000000005,86.5,2241.1,2003.2,237.9,NA,1.599999999999909,6,40.875,32.7,125.30000000000001,158,141.65,1.6120583347598356,0.8938467716746241,4711.8513621633365,559.5793925013264,NA
TALL,Btg,TALL_Btg_PRE_BULK,4:Btg,1,Y,N,none,63.7,32,112.3,23.1,615,231.2,383.8,NA,0.09999999999999432,7,40,8,158,166,162,1.8987944523329687,0.3759349593495935,571.0585722008226,947.9769896655524,NA
TALL,BC,TALL_BC_PRE_BULK,4:BC; 5:B/C,2,Y,N,none,399.1,325.7,488.5,28,1734,1260,474,NA,18.700000000000045,8,58,23.2,166,189.2,177.6,1.9355067648196012,0.726643598615917,3262.9027537028014,1227.4729406786728,NA
KONZ,A1,KONZ_A1_PRE_BULK,1-5:A1; 1-5A2,5,Y,Y,A-Horizon,385.3,413,408.7,345.6,347.5,335.8,11.7,NA,-1216.8,1,34,34,0,34,17,1.0564074600358087,0.9663309352517986,3470.8533101354915,120.93205398625739,NA
KONZ,Bt1,KONZ_Bt1_PRE_BULK,1-5:Bt1,5,Y,Y,Upper B-Horizon,230.4,405.3,232.5,63.7,1663.6,932.9,730.7,NA,0.9999999999998863,2,28.1,28.1,34,62.1,48.05,1.208473045374215,0.5607718201490743,1904.2741382082174,1491.5351192933267,NA
KONZ,Bt2,KONZ_Bt2_PRE_BULK,"1,3-5:Bt2",4,Y,Y,Lower B-Horizon,168.9,299.3,171.1,39.299999999999997,894.9,679.5,215.4,NA,0.8999999999999773,3,16,12.8,62.1,74.9,68.5,1.6576032328615211,0.7593027153871941,1611.036973755321,510.6951643074263,NA
KONZ,Bt3,KONZ_Bt3_PRE_BULK,5:Bt3,1,Y,N,none,36.299999999999997,24.5,103.3,23.6,206.6,187.4,19.2,NA,-0.29999999999998295,4,16,3.2,74.9,78.10000000000001,76.5,1.347566253632231,0.9070667957405615,391.1464331936962,40.07476796861775,NA
UNDE,A,UNDE_A_PRE_BULK,1-5:A,5,Y,Y,A-Horizon,31.2,234.1,81,11.7,429.9,358.6,71.3,0,-0.6000000000000227,1,10,10,0,10,5,0.9416513787121581,0.8341474761572458,785.4761209727376,156.17525773942054,NA
UNDE,Bhs,UNDE_Bhs_PRE_BULK,1-5:Bhs; 1:Bh,5,Y,Y,Upper B-Horizon,63.4,524.70000000000005,139.9,34.299999999999997,1000.5,762.3,238.2,0,0,2,16.4,16.4,10,26.4,18.2,1.367944624127782,0.7619190404797601,1709.3114109296125,534.1177726399497,[#] Cores contributing to horizon changed from 6 to 5 because I can't count sometimes. Original labels sent to collaborators have 6. Changed 22 Jan 2018 ACG
UNDE,Bs1,UNDE_Bs1_PRE_BULK,"1-3,5:Bs1",5,Y,Y,Lower B-Horizon,102.1,711,280.7,39.9,1367.9,1134.9,233,0,1.2000000000000455,3,25,25,26.4,51.4,38.9,1.3943573588594476,0.8296659112508225,2892.1269218685343,593.7664752800849,NA
UNDE,Bs2,UNDE_Bs2_PRE_BULK,5:Bs2,1,Y,N,none,33.5,17.3,117.9,12,288.2,180.9,107.3,0,0.20000000000001705,4,17,3.4,51.4,54.8,53.099999999999994,1.8994967981889506,0.6276891047883415,405.3797712332047,240.44914015103842,NA
UNDE,Bt1,UNDE_Bt1_PRE_BULK,"1,2:Bt1",2,Y,N,none,228,234.7,423.5,37.299999999999997,1405.8,924,481.8,0,0.5,5,42,16.8,54.8,71.6,63.199999999999996,1.7817170566034854,0.6572769953051644,1967.4171441931446,1025.8675109007108,NA
UNDE,Bt2,UNDE_Bt2_PRE_BULK,1:Bt2,1,Y,N,none,67,33.9,182.4,15.3,339.5,299.4,40.1,0,0.7999999999999545,6,21,4.2,71.6,75.8,73.69999999999999,1.7620038307017443,0.8818851251840942,652.6316869015698,87.40992199316284,NA
UNDE,A',UNDE_A'_PRE_BULK,3:A',1,Y,N,none,-,-,-,-,103.4,0,103.4,0,0,7,8,1.6,75.8,77.39999999999999,76.6,1.466358961442953,0,0,234.6174338308725,Horizon not shipped due to limited mass
UNDE,BC,UNDE_BC_PRE_BULK,"1,3-5:BC1; 4:BC2; 5:B/C",4,Y,N,none,604.6,339.3,1826.7,67.8,4327.5,2841.2,1486.3,0,2.7999999999992724,8,52.3,41.839999999999996,77.39999999999999,119.23999999999998,98.32,1.5496243509085588,0.6565453495089543,4256.795997937155,2226.8322862642535,[#] Cores contributing to horizon changed from 6 to 4 because I can't count sometimes. Original labels sent to collaborators have 6. Changed 22 Jan 2018 ACG
UNDE,C,UNDE_C_PRE_BULK,"1,4:C",2,Y,N,none,120.3,68.8,325.60000000000002,21.8,124.8,537.6,703.2,0,1.1000000000000227,9,32.5,13,119.23999999999998,132.23999999999998,125.73999999999998,2.224248626460534,0.43326885880077365,1252.806963298467,1638.7162511002273,NA
NIWO,A,NIWO_A_PRE_BULK,1-5:A; 2:A2,5,Y,Y,A-Horizon,42.4,275.39999999999998,104,15,711.7,437.9,273.8,0.3,1.1000000000000227,1,15.8,15.8,0,15.8,7.9,0.7849909275925818,0.6150280898876405,762.8105238267005,477.47514176957884,[#] Cores contributing changed from 6 to 5; original sticker label sent to collaborators will have 6 because I made an oopsie when printing labels. Changed 22 Jan 2018 ACG
NIWO,Bw1,NIWO_Bw1_PRE_BULK,1-5:Bw1,5,Y,Y,Upper B-Horizon,88.3,616.6,189.1,31.2,1853.3,926.5,926.8,0,-1.2999999999999545,3,24.6,24.6,15.8,40.400000000000006,28.1,1.5843188414358629,0.4999190632925053,1948.3967302715182,1949.0276196607049,NA
NIWO,Bw2,NIWO_Bw2_PRE_BULK,"1,4,5:Bw2",3,Y,Y,Lower B-Horizon,108.7,704.9,254.2,29.9,1772.2,1109,663.2,0,11.299999999999955,4,42.666666666666664,25.6,40.400000000000006,66,53.2,1.4869543979297914,0.6257758717977655,2382.080472801374,1424.5227858988922,NA
NIWO,2Cr1,NIWO_2Cr1_PRE_BULK,3-5:2Cr1,3,Y,N,none,407.8,285.10000000000002,725.2,48.7,2708.4,1467.9,1240.5,0,1.099999999999909,5,58.333333333333336,35,66,101,83.5,1.6744672642146463,0.5419805050952592,3176.350147685858,2684.285277065404,NA
NIWO,2Cr2,NIWO_2Cr2_PRE_BULK,"3,5:2Cr2",2,Y,N,none,178.3,177.6,184.9,24.3,927.2,354.7,572.5,0,-210.39999999999992,6,30.5,12.2,101,113.2,107.1,1.6688948933212546,0.3825496117342536,778.8908140276959,1257.1609558242346,Somehow I have split ~210g more fine fraction than what I had. I looked at the raw data sheet and the number all match. Not sure how I got weighed more fine fraction than what was available. Thank the soils gods for providings more dirt. Checked 22 Jan 2018 ACG
NIWO,2C,NIWO_2C_PRE_BULK,"1,2,5:2C",5,Y,N,none,160.30000000000001,132.19999999999999,329.8,22.6,2567.3,650.6,1916.7,0,5.7000000000000455,7,48,48,113.2,161.2,137.2,1.9863502597753262,0.25341798776925173,2416.2090520185293,7118.2721949030365,"Dec2018 - should this compositing scheme read 1,2,5:2C instead of 1-5:2C?"
NIWO,AB,NIWO_AB_PRE_BULK,3:A2; 4:AB; 5:A/B,3,Y,N,none,32,12.2,65.5,12,458,121.9,336.1,0.1,0.20000000000000284,2,9.666666666666666,5.8,161.2,167,164.1,1.666227438794878,0.26609910499890854,257.1613455090056,709.2505689920235,NA
JORN,Ak,JORN_Ak_PRE_BULK,"3-5:A; 1,2,5:Ak",5,Y,Y,A-Horizon,163.6,1020.6,473.7,63.2,1903.8,1727.8,176,0.06,6.699999999999818,1,26.3,26.3,0,26.3,13.15,1.6218493677939818,0.9075247129515825,3871.01384454938,394.4499927487926,[#] Cores contributing to horizon changed from 6 to 5 because I can't count sometimes. Original labels sent to collaborators have 6. Changed 22 Jan 2018 ACG
JORN,B/A,JORN_B/A_PRE_BULK,2:B/A,1,Y,N,none,-,-,-,-,486.8,180.3,306.5,0,180.3,2,36,7.2,26.3,33.5,29.9,1.5066307376157704,0.37037797863599015,401.7764499472655,682.9976811360891,Horizon not shipped due to limited mass
JORN,Bk1,JORN_Bk1_PRE_BULK,"3,4:Bk1; 4:Bk2",2,Y,Y,Upper B-Horizon,145.30000000000001,926.4,298.2,78.099999999999994,1630.5,1448.9,181.6,0.08,0.900000000000091,3,58.25,23.3,33.5,56.8,45.15,1.5434693061004092,0.8885795238504092,3195.583865145346,400.6996180686078,[#] Cores contributing to horizon changed from 3 to 2 because I can't count sometimes. Original labels sent to collaborators have 3. Changed 22 Jan 2018 ACG
JORN,2Bk1,JORN_2Bk1_PRE_BULK,"1,3,5:2Bk1; 2:Bk; 2:Ck1",5,Y,Y,Lower B-Horizon,154.4,958.6,380.8,59.3,3216.1,1555.7,1660.4,0.04,2.6000000000001364,4,57.333333333333336,57.333333333333336,56.8,114.13333333333333,85.46666666666667,1.603358307671289,0.4837165048785189,4446.606359486906,4745.981271161818,NA
JORN,2Bk2,JORN_2Bk2_PRE_BULK,"1,3-5:2Bk2; 2:Ck2",5,Y,N,none,875.8,366.7,1215.4000000000001,55,4243.3,2517.8,1725.5,0,-4.900000000000091,5,67.6,67.6,114.13333333333333,181.73333333333332,147.93333333333334,1.4832180720296662,0.5933589423326185,5949.345575724682,4077.2085911958607,NA
JORN,2Bk3,JORN_2Bk3_PRE_BULK,4:Bk1; 4:Bk3,1,Y,N,none,169.2,57.2,344.1,47,1112.7,618,494.7,0,0.5,6,82.5,16.5,181.73333333333332,198.23333333333332,189.98333333333332,1.4907537725957558,0.5554057697492585,1366.1558568490086,1093.5878679339883,[#] Cores contributing to horizon changed from 2 to 1 because I can't count sometimes. Original labels sent to collaborators have 2. Changed 22 Jan 2018 ACG
JORN,2Bkm,JORN_2Bkm_PRE_BULK,1:2Bkm,1,Y,N,none,-,-,-,-,60.8,0,60.8,0,0,7,3,0.6,0,0.6,0.3,2.08058602284716,0,0,124.8351613708296,Horizon not shipped due to limited mass
CLBJ,A1,CLBJ_A1_PRE_BULK,1-5:A1,5,Y,Y,A-Horizon,50.7,339.4,98.5,17.8,548.3,506.6,41.7,0.1,0.20000000000004547,1,10.5,10.5,0,10.5,5.25,0.9255691845056712,0.923778264040846,897.771729237968,74.07591449298685,NA
CLBJ,A2,CLBJ_A2_PRE_BULK,1:A2,1,Y,N,none,71.099999999999994,23.6,120.2,26.7,256.7,241.5,15.2,0,-0.0999999999999659,2,17,3.4,10.5,13.9,12.2,1.2648187810641074,0.9407869107908065,404.5744842741483,25.463901287648223,NA
CLBJ,EA,CLBJ_EA_PRE_BULK,4:EA,1,Y,N,none,59.3,21.4,122.7,18.7,251.5,222.2,29.3,0,0.10000000000002274,3,15,3,13.9,16.9,15.399999999999999,1.5678035901523308,0.8834990059642147,415.54587403401337,54.795203011685835,NA
CLBJ,E,CLBJ_E_PRE_BULK,"1,3,5:E1; 5:E2; 5:E3",3,Y,N,none,290.39999999999998,98.5,435.5,58.2,945.9,881.4,64.5,0.1,-1.2000000000000455,4,20.666666666666668,12.4,16.9,29.299999999999997,23.099999999999998,1.3343822503740521,0.9317124735729386,1541.6431281129123,112.99086235091245,"[#] cores contributing changed from 5 to 3. Original sticker labels made will contain the ""5"" but I added up ""Horizons"" contrubuting to cores and not ""CORES"" contributing to horizons. Changed 22 Jan 2018 ACG"
CLBJ,A',CLBJ_A'_PRE_BULK,3:A',1,Y,N,none,-,-,-,-,202.4,178.7,23.7,0,178.7,5,17.5,3.5,29.299999999999997,32.8,31.049999999999997,1.1697527336447147,0.882905138339921,361.4732446927307,47.94021208291947,Horizon not shipped due to limited mass
CLBJ,E',CLBJ_E'_PRE_BULK,3:E',1,Y,N,none,35,16.7,63.4,10,153.9,124.9,29,0,-0.19999999999998863,6,10,2,32.8,34.8,33.8,1.693702501947161,0.8115659519168291,274.9102566513326,63.83024373809963,NA
CLBJ,EB,CLBJ_EB_PRE_BULK,"1,2,4:EB",3,Y,N,none,70.8,35,163,25,346.1,294,52.1,0,0.19999999999998863,7,7.333333333333333,4.4,34.8,39.199999999999996,37,1.6420228384387798,0.8494654724068188,613.7303507091608,108.75969820390235,NA
CLBJ,Bt1,CLBJ_Bt1_PRE_BULK,"3,4:Bt1; 3,4:Bt2",2,Y,Y,Upper B-Horizon,135.4,918,311.10000000000002,51,1690.3,1414.9,275.4,0.1,0.599999999999909,8,52.5,21,39.199999999999996,60.199999999999996,49.699999999999996,1.712109052804605,0.8370208234737341,3009.4489514362253,585.9800594534453,"[#] cores contributing changed from 4 to 2. Original sticker labels made will contain the ""4"" but I added up ""Horizons"" contrubuting to cores and not ""CORES"" contributing to horizons. Changed 22 Jan 2018 ACG"
CLBJ,Bt2,CLBJ_Bt2_PRE_BULK,2:Bt1,1,Y,N,none,54.6,21.2,113.2,11,281.1,200,81.1,0,0,9,19,3.8,60.199999999999996,63.99999999999999,62.099999999999994,1.324049371113459,0.711490572749911,357.9784852530163,145.16027577009814,NA
CLBJ,Bt3,CLBJ_Bt3_PRE_BULK,2:Bt3,1,Y,N,none,40.700000000000003,16.100000000000001,85.6,14.8,185.2,156.8,28.4,0,-0.4000000000000057,10,10,2,63.99999999999999,66,65,1.7305059590421867,0.8466522678185745,293.0273589393249,53.07383286911242,NA
CLBJ,Bt4,CLBJ_Bt4_PRE_BULK,"1:Bt1; 2:Bt2; 2:Bt4, 3:Bt3",3,Y,Y,Lower B-Horizon,61.2,499.3,187.8,26.2,1035.4,775,260.4,0,0.5,11,22,13.2,66,79.2,72.6,1.682845525464422,0.748502994011976,1662.6916868361054,558.6644067769316,"[#] cores contributing changed from 4 to 3. Original sticker labels made will contain the ""4"" but I added up ""Horizons"" contrubuting to cores and not ""CORES"" contributing to horizons. Changed 22 Jan 2018 ACG"
ONAQ,Ak,ONAQ_Ak_PRE_BULK,1-5:Ak,5,N,Y,A-Horizon,50.7,341.3,109.4,19,540,521.8,18.2,0.7,1.3999999999999773,1,10.4,10.4,0,10.4,5.2,1.1786569659652073,0.9650453116330681,1182.955674189515,42.84757041430042,NA
ONAQ,Bk1,ONAQ_Bk1_PRE_BULK,1-5:Bk1,5,N,Y,Upper B-Horizon,260.7,762.9,1171.0999999999999,66,2569.4,2265.6,303.8,1.65,4.900000000000091,2,43.6,43.6,10.4,54,32.2,1.3186844279271195,0.8811963983586472,5066.407062490006,683.0570432722342,NA
ONAQ,Bk2,ONAQ_Bk2_PRE_BULK,1-5:Bk2,5,N,Y,Lower B-Horizon,595.5,624.9,1357.9,69.900000000000006,2655.7,2653.6,2.1,0.25,5.399999999999636,3,46.6,46.6,54,100.6,77.3,1.3172655441107342,0.9991151941866376,6133.026092731963,5.431342824057409,NA
ONAQ,Bk3,ONAQ_Bk3_PRE_BULK,"1,3:Bk3",2,N,N,none,215.1,69.400000000000006,324.2,48.6,658.6,658.3,0.3,0.19,0.9999999999998863,4,30,75,100.6,175.6,138.1,1.2898840830879563,0.9992562121465111,9666.935122309102,7.195500850571573,NA
ONAQ,2CBk,ONAQ_2CBk_PRE_BULK,1-5:2CBk1; 2:2CBk2,5,N,N,none,495.6,478.2,1006.8,61.3,2177.7,2046.5,131.2,0.13,4.600000000000136,5,34,34,175.6,209.6,192.6,1.4234876028571515,0.9396968542080879,4547.999196190863,291.8586535234525,NA
KONA,Ap,KONA_Ap_PRE_BULK,1-5:Ap; 2-4:Ap2,5,Y,Y,A-Horizon,139.30000000000001,964.1,221,56.5,1410,1387.4,22.6,0.12,6.5,1,23,23,0,23,11.5,1.373569276324361,0.9838878960655832,3108.3078263811326,50.90150916489734,NA
KONA,Bt1,KONA_Bt1_PRE_BULK,1-5:Bt1,5,Y,Y,Upper B-Horizon,200.9,859.1,505.8,55.1,1833.1,1625.3,207.8,0.12,-4.400000000000091,2,23.833333333333332,23.833333333333332,23,46.83333333333333,34.916666666666664,1.0069638495427882,0.8865820796194674,2127.7353807930926,272.19512728388577,NA
KONA,Bt2,KONA_Bt2_PRE_BULK,1-5:Bt2,5,Y,N,none,940.2,319.89999999999998,1115.5999999999999,68.8,2765.6,2450.7,314.9,0,6.199999999999818,3,33,33,46.83333333333333,79.83333333333333,63.33333333333333,1.8455252020888746,0.8861368238356957,5396.779874929627,693.4532919636591,NA
KONA,Bt3,KONA_Bt3_PRE_BULK,3-5:Bt3,3,Y,N,none,572.1,192.6,775.2,57.1,1787.8,1600.5,187.3,NA,3.5,4,40.666666666666664,24.4,79.83333333333333,104.23333333333332,92.03333333333333,1.6550036027013713,0.8952343662602081,3615.143287471445,423.0655031199008,NA
KONA,Btk,KONA_Btk_PRE_BULK,1-5:Btk,5,Y,Y,Lower B-Horizon,286.60000000000002,1197.2,853.9,61.2,2974.8,2412.7,562.1,NA,13.799999999999727,5,41.25,41.25,104.23333333333332,145.48333333333332,124.85833333333332,1.6791171039900592,0.8110461207476133,5617.59583057243,1308.7622233865638,NA
KONA,2Btk,KONA_2Btk_PRE_BULK,1-3:2Bt,5,Y,N,none,400.3,135.30000000000001,514.4,37.200000000000003,1182.6,1090.5,92.1,NA,3.2999999999999545,6,27,27,145.48333333333332,172.48333333333332,158.98333333333332,1.5863813250618986,0.9221207508878743,3949.6548743835633,333.5747032835632,"Dec2018- Should read 2Bt, without the ""k"" subdesignation. Excel's auto fill screwed thisup."
SRER,Ak1,SRER_Ak1_PRE_BULK,"1,2,4,5:Ak1; 3-5:Ak2",5,N,Y,A-Horizon,167.9,622.79999999999995,490.4,50.4,1793.6,1334.2,459.4,0.51,2.7000000000000455,1,25.6,25.6,0,25.6,12.8,1.861403413136347,0.7436556286961223,3543.662401159727,1221.530336469322,(24May2017 Changed status to NON-INCUBATION)
SRER,Ak2,SRER_Ak2_PRE_BULK,3:Ak1; 5:Ak3,2,N,N,none,36.6,211,103,18.3,462.8,369.3,93.5,NA,0.39999999999997726,2,15.5,6.2,25.6,31.8,28.700000000000003,1.9410832736481596,0.7979688850475367,960.3329145076156,243.13871515424336,(24May2017 Changed status to NON-INCUBATION)
SRER,Bw,SRER_Bw_PRE_BULK,1-5:Bw1,5,N,Y,Upper B-Horizon,258.39999999999998,624.6,408.9,65.099999999999994,2836.3,1359.7,1476.6,0.12,2.7000000000000455,3,37.6,37.6,31.8,69.4,50.6,1.556379107299208,0.4793718842766586,2805.2772887838178,3046.708154661205,(24May2017 Changed status to NON-INCUBATION)
SRER,Bk,SRER_Bk_PRE_BULK,1:Bk1; 1:Bk2; 1:Bk3,1,N,N,none,437.2,147.6,607.1,62.7,1488.5,1256.7,231.8,0.13,2.099999999999909,4,107,21.4,69.4,90.80000000000001,80.10000000000001,1.6541223954304405,0.844199028637069,2988.314231664087,551.5076945570556,(24May2017 Changed status to NON-INCUBATION)
SRER,Ck,SRER_Ck_PRE_BULK,2-4:Ck1; 2:Ck2,3,N,Y,Lower B-Horizon,254.4,843.2,578.9,60.5,2905.7,1732.1,1173.6,NA,-4.900000000000091,5,60.833333333333336,36.5,90.80000000000001,127.30000000000001,109.05000000000001,1.7758047054650055,0.596104208968579,3863.761006203726,2617.926168743544,(24May2017 Changed status to NON-INCUBATION)
LENO,A1,LENO_A1_PRE_BULK,1-5:A1,5,N,N,none,60.1,17.600000000000001,93.4,15,192.3,187.1,5.2,0.99,-0.9999999999999716,1,4.6,4.6,0,4.6,2.3,1.0888168059542143,0.9679755807336127,484.81611682578205,16.03961391315657,NA
LENO,A2,LENO_A2_PRE_BULK,1-5:A2,5,N,Y,A-Horizon,44.6,321.10000000000002,106.8,17.899999999999999,493.1,493.1,0,0.51,2.6999999999999886,2,9.2,9.2,4.6,13.799999999999999,9.2,1.286992211693105,0.9989667956483864,1182.8094868803316,1.2233478773249753,NA
LENO,Bg,LENO_Bg_PRE_BULK,2-5:Bg,4,N,Y,Upper B-Horizon,97.2,668.4,239.7,38.799999999999997,1053.2,1047.6,5.6,2.01,3.5,3,22.75,18.2,13.799999999999999,32,22.9,1.2629768675963728,0.99278816538888,2282.0406469034674,16.577252121931213,NA
LENO,Btg1,LENO_Btg1_PRE_BULK,1-5:Btg1,5,N,N,none,412.2,212.8,1014.9,54.2,1916.7,1701.8,214.9,0.41,7.699999999999818,4,42.6,42.6,32,74.6,53.3,1.1547672298917528,0.8876903255420919,4366.822474451066,552.485924887801,NA
LENO,Btg2,LENO_Btg2_PRE_BULK,1:Btg2,1,N,N,none,93.3,30.7,141,15.9,292.3,282,10.3,0.11,1.1000000000000227,5,27,5.4,74.6,80,77.3,1.1800190311813477,0.9643993023494408,614.5251464323916,22.685130405536178,NA
LENO,Btg3,LENO_Btg3_PRE_BULK,"2-5:Btg2; 1,3,4:Btg3",5,N,Y,Lower B-Horizon,211.8,1780.5,1164.9000000000001,55.9,4084.3,3223.4,860.9,3.01,10.300000000000182,6,47.92857142857143,47.92857142857143,80,127.92857142857143,103.96428571428572,1.3747373298955086,0.7886360466908553,5196.259529867631,1392.660101274414,NA
MOAB,A,MOAB_A_PRE_BULK,"1-5:A; 1,2,4:AB",5,Y,Y,A-Horizon,95.1,345,358.5,53.4,1306.3,852.1,454.2,0.26,0.10000000000002274,1,18.7,18.7,0,18.7,9.35,1.1918964914800187,0.6521705853539065,1453.5880868307095,775.2583522369254,NA
MOAB,Bk1,MOAB_Bk1_PRE_BULK,1-5:Bk1,5,Y,Y,Upper B-Horizon,42.5,370.6,292.89999999999998,40.700000000000003,1130.1999999999998,746.8,383.4,0.22,0.09999999999990905,2,18,18,18.7,36.7,27.700000000000003,1.4762407141804044,0.660639408361494,1755.4730256275252,901.7602598972028,NA
MOAB,Bk2,MOAB_Bk2_PRE_BULK,"1-3,5:Bk2",4,Y,N,none,132.6,40.200000000000003,472.2,52.4,974.4,697.8,276.6,0.25,0.39999999999997726,3,16,12.8,36.7,49.5,43.1,1.1075007390306097,0.7159493151387677,1014.9304263995447,402.6705195596359,NA
MOAB,Bk3,MOAB_Bk3_PRE_BULK,"2,3,5:Bk3; 1:BCk; 4:Bk2",5,Y,Y,Lower B-Horizon,283.60000000000002,819.9,1213.3,76,2967.3,2393.4,573.9,0.25,0.599999999999909,4,47,47,49.5,96.5,73,1.4670780068084448,0.8065239001870229,5561.197336869828,1334.0692951298624,NA
SOAP,Oi,SOAP_Oi_PRE_BULK,"1,2,4,5:Oi",4,Y,N,none,-,-,-,-,1,1,NA,0,-1,1,2,1.6,0,1.6,0.8,0.19855526311658234,1,31.768842098653177,0,NA
SOAP,A,SOAP_A_PRE_BULK,"1-5:A1; 1,2:A2",5,Y,Y,A-Horizon,152.6,322.8,124,25.5,861.1,625.6,235.5,0.31,0.7000000000000455,2,17,17,1.6,18.6,10.100000000000001,0.9556777471430952,0.7262511463762901,1179.9055010292714,444.7466691139905,NA
SOAP,AB,SOAP_AB_PRE_BULK,1-4:AB; 5:A/B,5,Y,N,none,161.19999999999999,63.1,280.39999999999998,56.3,827.8,559.1,268.7,0.28,-1.8999999999998636,3,14.2,14.2,18.6,32.8,25.7,1.2729739365914927,0.6751763114674911,1220.4642228849762,587.1587670749434,NA
SOAP,Bt1,SOAP_Bt1_PRE_BULK,2-5:Bt1,4,Y,Y,Upper B-Horizon,47.2,383.9,121.4,22.8,1324.7,573.7,751,0.27,-1.599999999999909,4,25.5,20.4,32.8,53.199999999999996,43,1.2947845724973828,0.4329909356438259,1143.6851663457792,1497.6753615488815,NA
SOAP,Bt2,SOAP_Bt2_PRE_BULK,2-5:Bt2,4,Y,N,none,206.7,132.6,446,113.8,1567.6999999999998,899.9,667.8,0.25,0.8000000000000682,5,30.25,24.2,53.199999999999996,77.39999999999999,65.3,1.3667350009715742,0.5739341177971237,1898.2863498490726,1409.2123525021368,NA
SOAP,Bt3,SOAP_Bt3_PRE_BULK,2-5:Bt3,4,Y,Y,Lower B-Horizon,114.3,682.8,236.9,42.8,2062.3,1177.1,885.2,0.28,100.29999999999995,6,35.75,28.6,77.39999999999999,106,91.69999999999999,1.6139698075431397,0.5706930155436394,2634.2925078846997,1981.6611416886801,NA
SOAP,Bt4,SOAP_Bt4_PRE_BULK,3-5:Bt4,3,Y,N,none,355.1,64.5,751.3,61.2,1405.1999999999998,1232.1,173.1,0.24,0,7,29.333333333333332,17.6,106,123.6,114.8,1.840200740557912,0.8766649590163935,2839.301531973525,399.45177140840065,NA
ABBY,Oe,ABBY_Oe_PRE_BULK,"2,4,5:Oe; 3:O/A",4,Y,N,none,-,-,-,-,1,1,NA,0,1,1,4.75,3.8,0,3.8,1.9,0.30654886144361326,1,116.48856734857303,0,NA
ABBY,A,ABBY_A_PRE_BULK,"1,2,3,5:A; 4:A1,A2",5,Y,Y,A-Horizon,40.6,267.7,82.3,17.399999999999999,713.9000000000001,409.1,304.8,0.31,1.1000000000000227,2,19,19,3.8,22.8,13.3,0.8845440216804175,0.5728007168759889,962.6681544811353,717.9654867116578,NA
ABBY,AB,ABBY_AB_PRE_BULK,"4:A/B; 1,3,5:AB",4,Y,N,none,91.4,34.6,236.8,32.299999999999997,584.1,396,188.1,0.23,0.8999999999999773,3,15.5,12.4,22.8,35.2,29,1.1610506917721135,0.6776992452894768,975.6855401704149,464.0173176270058,NA
ABBY,Bt1,ABBY_Bt1_PRE_BULK,1-5:Bt1,5,Y,Y,Upper B-Horizon,49.6,291.60000000000002,146.9,23.3,987.5,511.8,475.7,0.24,-0.39999999999997726,4,17.6,17.6,35.2,52.800000000000004,44,1.3522007587060578,0.5181525502662644,1233.137438008118,1146.735897314544,NA
ABBY,Bt2,ABBY_Bt2_PRE_BULK,"1,2,3,4:Bt2",4,Y,N,none,221.4,74.900000000000006,284.39999999999998,17.399999999999999,1740.1,598.4,1141.7,0.26,0.2999999999999545,5,27.333333333333332,21.866666666666667,52.800000000000004,74.66666666666667,63.733333333333334,1.1145752839926635,0.34383690730653427,838.0008993569024,1599.2037216403885,NA
ABBY,Bt3,ABBY_Bt3_PRE_BULK,1:Bt3,1,Y,N,none,-,-,-,-,155.5,71.4,84.1,0,71.4,6,13,2.6,74.66666666666667,77.26666666666667,75.96666666666667,1.1326187556561866,0.45916398713826373,135.2150133762151,159.26586309439338,NA
ABBY,BC,ABBY_BC_PRE_BULK,"1,2,4,5:BC",4,Y,Y,Lower B-Horizon,80.099999999999994,439.3,98.7,35.4,1402.3000000000002,653.1,749.2,0.27,-0.39999999999997726,7,29,23.2,77.26666666666667,100.46666666666667,88.86666666666667,1.4939166640464634,0.4656452084387945,1613.873516494641,1852.0131440931536,NA
ABBY,Cr,ABBY_Cr_PRE_BULK,"1,2,4,5:Cr; 3:C/B",5,Y,N,none,398.7,398.3,731.9,65.400000000000006,2578.7,1595.2,983.5,0,0.8999999999998636,8,49.4,49.4,100.46666666666667,149.86666666666667,125.16666666666667,1.3874061959149682,0.6186062744793889,4239.795399540223,2613.9912082797196,NA
SJER,Oi,SJER_Oi_PRE_BULK,3:Oi,1,Y,N,none,-,-,-,-,1,1,0,0,1,1,3,0.6,0,0.6,0.3,NA,1,NA,NA,NA
SJER,A,SJER_A_PRE_BULK,"1-5:A1; 1-3,5:A2",5,Y,Y,A-Horizon,171.7,631.20000000000005,509.5,61.3,1530.5,1374.1,156.4,NA,0.3999999999998636,2,24,24,0.6,24.6,12.600000000000001,1.2595436160901263,0.89781117281934,2713.997594829573,308.90708378673,NA
SJER,AB,SJER_AB_PRE_BULK,"1,4,5:AB",3,Y,N,none,168.2,37,265.5,22.1,621.9,492.4,129.5,NA,-0.4000000000000341,3,13.666666666666666,8.2,24.6,32.8,28.7,1.6562357542837303,0.7917671651390898,1075.3095321364096,282.80378637624915,NA
SJER,Bw1,SJER_Bw1_PRE_BULK,1-5:Bw1,5,Y,Y,Upper B-Horizon,88.9,628.70000000000005,266.10000000000002,35.799999999999997,1378.4,1019.6,358.8,NA,0.10000000000002274,4,18.7,18.7,32.8,51.5,42.15,1.6632256251042388,0.7396982008125362,2300.632954553284,809.5989643916423,NA
SJER,Bw2,SJER_Bw2_PRE_BULK,1:Bw2,1,Y,N,none,83.4,35.6,148.30000000000001,29.9,390.8,297,93.8,NA,-0.19999999999998863,5,23,4.6,51.5,56.1,53.8,2.0081943624545984,0.7599795291709314,702.0458387885036,221.72356794061164,NA
SJER,Cr,SJER_Cr_PRE_BULK,"1,2,4:Cr; 3:C/B",4,Y,N,none,168.2,47.2,433.8,44.3,976.5999999999999,694.9,281.7,NA,1.3999999999999773,6,13.2,10.559999999999999,56.1,66.66,61.379999999999995,1.32257139213695,0.7115502764693836,993.7762979501747,402.8590921464443,NA
OAES,A,OAES_A_PRE_BULK,3-5:A,3,N,N,none,70.599999999999994,19.7,248.3,16.5,407.6,355.1,52.5,0,0,1,15.666666666666666,9.4,0,9.4,4.7,1.0400268955884135,0.8711972522080471,851.7044592395459,125.9208226135628,NA
OAES,Ak,OAES_Ak_PRE_BULK,1-5:Ak,5,N,Y,A-Horizon,57.3,263.89999999999998,130.19999999999999,16.899999999999999,631.9,468.3,280.2,0.1,0,2,9.083333333333334,9.083333333333334,9.4,18.483333333333334,13.941666666666666,1.1383162951582764,0.6255677264226556,646.818659180088,387.1519755886797,NA
OAES,Bk1,OAES_Bk1_PRE_BULK,1-5:Bk1,5,N,Y,Upper B-Horizon,72.099999999999994,273.39999999999998,214.9,14.6,1232.6,575,833.8,0,0,3,17.75,17.75,18.483333333333334,36.233333333333334,27.358333333333334,1.1431368524389012,0.4081487791027825,828.1615914398449,1200.9063216392046,NA
OAES,Bk2,OAES_Bk2_PRE_BULK,1-5:Bk2,5,N,Y,Lower B-Horizon,129.80000000000001,279.3,190.5,17.899999999999999,857.6,617.5,505.7,0,0,4,11.5,11.5,36.233333333333334,47.733333333333334,41.983333333333334,1.2312594917141635,0.5497685185185185,778.4438626722937,637.5045527989944,NA
WREF,Oe,WREF_Oe_PRE_BULK,"1-3,5:Oe",3,Y,N,none,0,0,0,0,1,1,NA,0,1,1,4.666666666666667,2.8,0,2.8,1.4,0.17035031995318928,1,47.698089586893,0,NA
WREF,A1,WREF_A1_PRE_BULK,1-5:A1,5,Y,Y,A-Horizon,39.1,249.3,108.6,12.4,460.2,409.4,50.8,0.1,0,2,13.7,13.7,2.8,16.5,9.65,0.6849744000813397,0.8894199435150988,834.6449523545983,103.76997575683701,NA
WREF,A2,WREF_A2_PRE_BULK,1-5:A2,5,Y,N,none,112.3,19.5,291.5,27.6,548.5,450.9,97.6,0.1,0,3,14.3,14.3,16.5,30.8,23.65,0.7859772265814063,0.8219103171709806,923.7839919718286,200.16344203958235,NA
WREF,BA,WREF_BA_PRE_BULK,1-3:BA,3,Y,N,none,86.7,14.7,115.7,27.6,258,244.7,13.3,0.1,0,4,14,8.4,30.8,39.2,35,0.6394380954699604,0.9480821387059278,509.24146318349256,27.88653701127427,NA
WREF,Bw1,WREF_Bw1_PRE_BULK,1-5:Bw1,5,Y,Y,Upper B-Horizon,87.7,328.3,260.3,15.6,785.1,691.9,93.2,0.1,0,5,22.2,22.2,39.2,61.400000000000006,50.300000000000004,0.7485132279099247,0.8811767702496178,1464.2508804224994,197.44848553753337,NA
WREF,Bw2,WREF_Bw2_PRE_BULK,1-4:Bw2,4,Y,Y,Lower B-Horizon,35.799999999999997,260.60000000000002,87.2,14.3,467.1,397.9,69.2,0,0,6,15.625,12.5,61.400000000000006,73.9,67.65,0.8036334569906837,0.8518518518518519,855.7208106845243,148.8210105538303,NA
STEI,A1,STEI_A1_PRE_BULK,2-5:A1,4,Y,Y,A-Horizon,39.1,219.5,85.5,13.3,374.5,340.6,33.9,NA,-16.80000000000001,1,10.625,10.625,0,10.625,5.3125,0.9265250808076358,0.909479305740988,895.3213489473253,89.11154941078779,NA
STEI,A2,STEI_A2_PRE_BULK,1:A2,1,Y,N,none,32.1,6.9,72.2,11.6,140.2,125.3,14.9,NA,2.5,NA,13,3.25,10.625,13.875,12.25,1.124888228735662,0.8937232524964337,326.73509910619117,38.85357523289902,For some reason in our compositing scheme we replaced core1-A horizon with an A2... I think we did it because the color of the core1-A was so light (7.5YR) compared to all the other A-horizon colors. I'll make edits to subsequent sheets/tabs
STEI,E,STEI_E_PRE_BULK,1:E,1,Y,N,none,59.8,10.8,86.5,14.7,212.5,174.3,38.2,NA,-2.5000000000000284,2,4,1,13.875,14.875,14.375,1.1780833549062504,0.8202352941176471,96.63055471066326,21.177780779961772,NA
STEI,E/B,STEI_E/B_PRE_BULK,1:E/B,1,Y,N,none,38.700000000000003,6.4,137,12.8,244.3,197.8,46.5,NA,2.9000000000000057,3,11,2.75,14.875,17.625,16.25,1.6233066144048918,0.8096602537863283,361.43988248282477,84.96943647852045,NA
STEI,Bs1,STEI_Bs1_PRE_BULK,2:Bs1; 3:EB; 3:Bhs,2,Y,Y,Upper B-Horizon,32,213,71.7,11.3,344.4,330.9,13.5,NA,2.8999999999999773,4,17,8.5,17.625,26.125,21.875,1.368972210304537,0.960801393728223,1118.0138464904344,45.612532268422015,NA
STEI,Bs2,STEI_Bs2_PRE_BULK,1:Bs1; 1:Bs2; 2:Bs1; 3:Bs1; 5:Bt; 5Btg,4,Y,N,none,662.7,58.5,757.4,60.5,2024.2,1539.5,484.7,NA,0.40000000000009095,5,26.75,26.75,26.125,52.875,39.5,1.4782264142488135,0.7605473767414287,3007.398767744753,946.856890370823,NA
STEI,BC1,STEI_BC1_PRE_BULK,"1,2:BC1; 1,2:BC2; 1,2:BC3;3:Bs2",2,Y,N,none,1299.0999999999999,107.1,1498.6,81.400000000000006,4665.1,2987.5,1677.6,NA,1.300000000000182,6,84.66666666666667,42.333333333333336,52.875,95.20833333333334,74.04166666666667,1.9667049911542733,0.6403935606953762,5331.736064652567,2993.9817312338578,NA
STEI,BC2,STEI_BC2_PRE_BULK,"3,5:BC1; 3,5:BC2; 3,4:BC3; 4:BC4",3,Y,Y,Lower B-Horizon,1103.8,609.1,1790.9,64,6160.7,3570.3,2590.4,NA,2.5,7,116.33333333333333,87.25,95.20833333333334,182.45833333333334,138.83333333333334,1.9043832302451538,0.5795283003554791,9629.293696266459,6986.449987622507,NA
TREE,A1,TREE_A1_PRE_BULK,1-5:A; 1:E; 2:AB,5,Y,Y,A-Horizon,28.9,201,68,11.9,391.9,310.9,81,NA,1.1000000000000227,1,5.833333333333333,5.833333333333333,0,5.833333333333333,2.9166666666666665,0.9181167137891626,0.7933146210768053,424.8739908606265,110.69409218305164,NA
TREE,A2,TREE_A2_PRE_BULK,3:Bs1,1,Y,N,none,29.9,7.4,10.6,11.3,65.8,60.5,5.3,NA,-1.2999999999999972,2,7,1.4,5.833333333333333,7.2333333333333325,6.533333333333333,1.0916159761697344,0.9194528875379939,140.51652459206156,12.30971207170126,NA
TREE,Bs1,TREE_Bs1_PRE_BULK,1:Bs1,1,Y,N,none,108.5,14.8,140.4,15.3,312.4,279.2,33.2,NA,0.19999999999998863,3,18,3.6,7.2333333333333325,10.833333333333332,9.033333333333331,1.966557979895462,0.8937259923175417,632.7230335315387,75.2378392308276,NA
TREE,Bs2,TREE_Bs2_PRE_BULK,1:EB1; 1:EB2; 2:Bsh; 2:Bs; 3Bs2; 4:Bs1; 4:Bs2; 5:Bhs,5,Y,Y,Upper B-Horizon,150.6,585.5,449.4,31.6,1572.6,1212.8,359.8,NA,-4.2999999999999545,4,21.8,21.8,10.833333333333332,32.63333333333333,21.733333333333334,1.596546915720072,0.7712069184789521,2684.164299033423,796.3079772363338,NA
TREE,Bs3,TREE_Bs3_PRE_BULK,5:Bs1,1,Y,N,none,153.69999999999999,50.4,195.4,10.1,504.2,409.9,94.3,NA,0.2999999999999545,5,34,6.8,32.63333333333333,39.43333333333333,36.03333333333333,1.595746511364949,0.8129710432368108,882.1610801383874,202.94654758977782,NA
TREE,Bs4,TREE_Bs4_PRE_BULK,"1,5:Bs2",2,Y,N,none,483.6,161.1,600,41.6,1401.7,1286.9,114.8,NA,0.6000000000001364,6,41,16.4,39.43333333333333,55.83333333333333,47.633333333333326,1.7698430516446675,0.9180994506670472,2664.82277091025,237.7198337870047,NA
TREE,Bs5,TREE_Bs5_PRE_BULK,5:2BC1,1,Y,N,none,71.3,71.7,116.1,28,347.6,287.2,60.4,NA,0.0999999999999659,7,20,4,55.83333333333333,59.83333333333333,57.83333333333333,1.9517606961270981,0.8262370540851554,645.0468031388983,135.657475311941,NA
TREE,BC1,TREE_BC1_PRE_BULK,"2,3-5:2BC1",4,Y,Y,Lower B-Horizon,394,875.6,433.5,38.1,2828.5,1742.2,1086.3,NA,1.0000000000002274,8,29,23.2,59.83333333333333,83.03333333333333,71.43333333333334,1.482233542464343,0.6159448470920983,2118.0999413897107,1320.6818771275643,NA
TREE,BC2,TREE_BC2_PRE_BULK,1:2BC1,1,Y,N,none,151.80000000000001,182.7,368.4,32.200000000000003,881.9,735.3,146.6,NA,-0.1999999999999318,9,51,10.2,83.03333333333333,93.23333333333333,88.13333333333333,1.8847367934724968,0.8337680009071323,1602.8618931002757,319.56963624167065,NA
TREE,BC3,TREE_BC3_PRE_BULK,"1,2,4:3Cd; 3:2BC2",4,Y,N,none,1398.2,459.8,1847.1,51.6,1759.1,3378.6,1380.5,NA,-378.0999999999999,10,64.33333333333333,51.46666666666666,93.23333333333333,144.7,118.96666666666667,1.8825866770691853,0.7099241453215943,6878.487770091924,2810.558327890815,NA
DELA,A,DELA_A_PRE_BULK,1-5:A,5,Y,Y,A-Horizon,31,253,79,13.3,818,375,443,NA,1.3000000000000114,1,18.2,15.166666666666666,0,15.166666666666666,7.583333333333333,1.1004911606404313,0.45843520782396086,765.164239137219,903.9140211674351,NA
DELA,A/B,DELA_A/B_PRE_BULK,"1,2,4,5:A/B; 3:AB",5,Y,N,none,43.7,27.3,592.70000000000005,27.8,1423.8,691.8,732,NA,0.2999999999999545,2,21.5,17.916666666666668,15.166666666666666,33.083333333333336,24.125,1.2254828524652894,0.4858828487147071,1066.8319697706243,1128.8248075630195,NA
DELA,Btg1,DELA_Btg1_PRE_BULK,1-4:Btg1,4,Y,Y,Upper B-Horizon,127,588.29999999999995,422,40.799999999999997,2398.3,1168,1230.3,NA,-10.099999999999909,3,29.2,19.466666666666665,33.083333333333336,52.55,42.81666666666666,1.0803294753203125,0.4870116332402118,1024.2056165751978,1078.835762048344,NA
DELA,Btg2,DELA_Btg2_PRE_BULK,"1,2,4:Btg2; 3:Btg3; 4:Btg4; 5:Btg1",6,Y,N,none,752.9,34.6,739.3,50.5,4066,1572,2494,NA,-5.2999999999999545,4,54.8,54.79999999999999,52.55,107.35,79.94999999999999,1.5897582471699057,0.3866207575012297,3368.1917869503154,5343.683407540767,NA
DELA,Btg3,DELA_Btg3_PRE_BULK,"1,2,4:Btg3; 4:Btg5; 5:Btg2",5,Y,Y,Lower B-Horizon,168.8,632.5,504.5,36.9,4382.5,1342,3040.5,NA,-0.7000000000000455,5,81,67.5,107.35,174.85,141.1,1.6186273626324337,0.30621791215059896,3345.655667862156,7580.079029906771,NA
DEJU,Oe,DEJU_Oe_PRE_BULK,3-5:Oe; 1-2:Oi,4,N,N,none,-,-,-,-,21.1,21.1,0,NA,21.1,1,4.1,4.1,0,4.1,2.05,0.3267971802136398,1,133.9868438875923,0,Not enough sample to split
DEJU,A,DEJU_A_PRE_BULK,"?1:O/A; 2,3:A",2,N,Y,A-Horizon,224,301,363.8,50.2,1409.6,960,449.6,NA,21,2,4.166666666666667,2.0833333333333335,4.1,6.183333333333334,5.141666666666667,0.6099576007741617,0.6810442678774121,86.54335992822955,40.53114023305415,Extra sample (2X) collected by Romell when he visited in early 2018. It's possible the additional horizon makes it an AO horizon rather than A.
DEJU,Bw1,DEJU_Bw1_PRE_BULK,"1,4,5:Bw1; 2:Bw2",4,N,Y,Upper B-Horizon,63.2,215.9,190.4,42.3,1145,510,635,NA,1.8000000000000114,3,19.875,19.875,6.183333333333334,26.058333333333334,16.120833333333334,1.4070181775053978,0.44541484716157204,1245.5797381431519,1550.8688896488266,NA
DEJU,Bw2,DEJU_Bw2_PRE_BULK,5:Bw1,1,N,N,none,122.6,37.9,176.8,17.399999999999999,1007.8,355.2,652.6,NA,0.5,4,10.5,2.625,26.058333333333334,28.683333333333334,27.370833333333334,1.4691378954682321,0.3524508831117285,135.92222402605472,249.7264735343562,NA
DEJU,2BC1,DEJU_2BC1_PRE_BULK,"1,3:Bw2; 3:Bw1; 4:2BC1; 5:2BC",4,N,Y,Lower B-Horizon,149.4,544.6,441.6,43.8,2861,1175,1686,NA,4.399999999999864,5,33.75,33.75,28.683333333333334,62.43333333333334,45.55833333333334,1.9046843086222645,0.4106955609926599,2640.078193421939,3788.2313481782035,NA
BARR,Oie,BARR_Oie_PRE_BULK,1:Oe; 3.1: Oe; 4:Oie; 5:Oie,4,Y,N,none,-,-,-,-,25,25,0,NA,25,1,25,16.666666666666668,0,16.666666666666668,8.333333333333334,0.04625449784507778,1,77.0908297417963,0,Not enough sample to split
BARR,Oae,BARR_Oae_PRE_BULK,"1:Oe, Oe/Oa; 2:Oe/Oa, Oa/Oe; 3.2:Oa/Oe,Oaf/Oef; 3.2:Oe; 4:Oi/Oe",5,Y,N,none,174.5,18.899999999999999,235.9,17.100000000000001,557.6,452,105.6,NA,5.599999999999966,2,57.75,48.125,16.666666666666668,64.79166666666667,40.72916666666667,0.28582796742832617,0.8106169296987087,1115.0417613853417,260.50533186347815,NA
BARR,Oaf,BARR_Oaf_PRE_BULK,"1:Oa1, Oa2; 2:Oa; 3.2:Oaf; 3.1:Oa; 4:Oa; 5:Oa",6,Y,Y,A-Horizon,31.8,288.89999999999998,91.1,20.399999999999999,487,437,50,NA,4.800000000000068,3,21.333333333333332,21.333333333333332,64.79166666666667,86.125,75.45833333333334,0.46929042605318494,0.8973305954825462,898.3651359243995,102.7877729890617,NA
BARR,OACfjj,BARR_OACfjj_PRE_BULK,1:Oa; 2:Cjj/Oa; 2:Oea2jj; 5:O/Afjj,4,Y,Y,Upper B-Horizon,100.2,358.7,304.3,27.3,845,800,45,NA,9.5,4,35.75,23.833333333333332,86.125,109.95833333333333,98.04166666666666,1.0932881308836564,0.9467455621301775,2466.90655173748,138.76349353523344,NA
BARR,Af,BARR_Af_PRE_BULK,"1,4,5:Af; 4:A; 4:A'; 4:Af'",6,Y,Y,Lower B-Horizon,247.9,443,248.8,21.9,1020,967,53,NA,5.399999999999977,5,17.857142857142858,17.857142857142858,109.95833333333333,127.81547619047619,118.88690476190476,1.1742475186270411,0.9480392156862745,1987.9155296084537,108.95503936840552,NA
BARR,W,BARR_W_PRE_BULK,"3:O/W, W1, W/O, W2; 5:W",3,Y,N,none,139.5,35.1,458.5,13.1,764.5,644,120.5,NA,-2.2000000000000455,6,48.4,24.2,127.81547619047619,152.0154761904762,139.9154761904762,1.29886367686178,0.842380640941792,2647.8130321982303,495.4370658072777,NA
BONA,Oea,BONA_Oea_PRE_BULK,"1-4:Oe; 1,2,4,5:Oa",5,Y,Y,A-Horizon,22,211.8,62,11,433.7,311,122.7,NA,-4.199999999999989,1,14,14,0,14,7,0.22549999999999998,0.7170855430020752,226.38390592575513,89.31609407424486,Very limited sample mass available
BONA,O/BCgjj,BONA_O/BCgjj_PRE_BULK,"1,3:Oa/Bjj; 1:Oa/Bgjj1; 1:Oa/Bgjj2; 2:Oa/Cg",3,Y,N,none,88.2,266,401,26.2,2276,788,1488,NA,6.599999999999909,2,10,6,14,20,17,1.4649999999999999,0.3462214411247803,304.3286467486818,574.671353251318,NA
BONA,Bfgjj,BONA_Bfgjj_PRE_BULK,3:Bfgjj; 4:Bjj; 4:Bf; 4:Bfg1; 4:Bfg2; 4:Bfg3; 5:Bg; 5:Bgjj,3,Y,Y,Upper B-Horizon,2948,1325,1550,255,6277,6188,89,NA,-110,3,50,30,20,50,35,1.4649999999999999,0.9858212521905368,4332.684403377409,62.31559662259056,NA
BONA,Cfgjj,BONA_Cfgjj_PRE_BULK,"1,2,5:Cfg1; 1,2,5:Bfg2; 1,2:Cfg3; 2,3,4:Cg1; 3:Cg2; 5:Cfjj",5,Y,Y,Lower B-Horizon,2501,1291,1346,53.4,16224.4,5225,NA,NA,33.600000000000364,4,115.8,115.8,50,165.8,107.9,0.6397,1,7407.726000000001,0,10990.4g of unsieved sample left. Basically nothing was coarse... in 5kg we got less than 1g coarse fraction
HEAL,Oei,HEAL_Oei_PRE_BULK,3-5:Oi; 1-2:Oi/Oe,5,Y,N,none,-,-,-,-,70.7,22.3,48.4,NA,22.3,1,10.25,10.25,0,10.25,5.125,1.4649999999999999,0.31541725601131543,473.63843705799144,1027.9865629420083,Not enough sample to split
HEAL,Oae,HEAL_Oae_PRE_BULK,"1-2, 4:Oa; 3-5:Oe; 3:Oa/Oe; 5:Oa/Oe",5,Y,Y,A-Horizon,49.1,308,86.3,19.899999999999999,687.7,463,224.7,NA,-0.30000000000001137,2,15.75,15.75,10.25,26,18.125,0.19240000000000002,0.6732586883815617,204.01758034026463,99.01241965973537,NA
HEAL,Afjj,HEAL_Afjj_PRE_BULK,"1:Af; 2:Afjj/Oa; 3:Ajj, Afjj1, Afjj2; 4:Afjj2",4,Y,Y,Upper B-Horizon,493.2,275.10000000000002,277.39999999999998,38.5,1870,1089,781,NA,4.800000000000182,3,24.75,19.8,26,45.8,35.9,1.4649999999999999,0.5823529411764706,1689.2311764705885,1211.4688235294116,NA
HEAL,BCfgjj,HEAL_BCfgjj_PRE_BULK,3-5:Cfjj; 1:Bfgjj; 2:Bfg,5,Y,Y,Lower B-Horizon,97,351.8,291.3,30.4,1102,776,326,NA,5.5,4,13.4,13.4,45.8,59.199999999999996,52.5,0.4663,0.7041742286751361,439.99763339382935,184.84436660617058,NA
HEAL,OACfjj,HEAL_OACfjj_PRE_BULK,2:Afjj/Oa; 5:Oa/Cfjj,2,Y,N,none,508.3,289.8,285.10000000000002,35,1747.6,1117,630.6,NA,-1.2000000000000455,5,34.5,13.8,59.199999999999996,73,66.1,0.897175,0.6391622796978714,791.3477772373542,446.7537227626459,NA
TOOL,Oi,TOOL_Oi_PRE_BULK,1-5:Oi,5,N,N,none,-,-,-,-,34,22,12,NA,-22,1,12,12,0,12,6,0.06989568563256196,0.6470588235294118,54.27194413822458,29.602878620849772,Not enough sample to split
TOOL,Oaef,TOOL_Oaef_PRE_BULK,"1-2,4:Oe; 1:Oe/Oa; 2:Oa; 3:Oe/Oa, Oa/Oe, Oaf1, Oaf2; 4:Oa/Oefjj, Oaf; 5:Oaf",5,N,Y,A-Horizon,73.400000000000006,21.9,138.30000000000001,28.1,308,265,43,NA,3.2999999999999545,2,32,32,12,44,28,0.23743975560473257,0.8603896103896104,653.7302362104325,106.07698172471171,NA
TOOL,Af,TOOL_Af_PRE_BULK,"1-5:Af; 4:A, Af'1, Af'2",5,N,Y,Upper B-Horizon,119.8,27.5,423.8,28.7,890,603,287,NA,-3.199999999999932,3,19,19,44,63,53.5,1.1555509637086097,0.6775280898876405,1487.5446506977012,708.0021803486571,NA
TOOL,BCfjj,TOOL_BCfjj_PRE_BULK,"1:Bjj; 2:Bf1, Bf2; 3:Bfjj; 5:Cf",4,N,Y,Lower B-Horizon,130.9,24.2,438.8,20.7,936,518,418,NA,-96.60000000000002,4,20,16,63,79,71,1.8039254159580334,0.5534188034188035,1597.3219922500193,1288.958673282834,NA
