site_id,site_horizon_incubation_fraction,TC_EA_pct,N_EA_pct,TC_IRMS_lower_pct,TC_IRMS_upper_pct,OC_IRMS_lower_pct,OC_IRMS_upper_pct,N_IRMS_lower_pct,N_IRMS_upper_pct,CN_ratio_IRMS,d13C_permille,d15N_permille
HEAL,HEAL_Oae_PRE_BULK,38.18149806732188,1.400103405655823,39.45184375692363,39.45184375692363,39.45184375692363,39.45184375692363,0.8696404610324511,2.386022293187351,28.263464532299178,-25.951762221009524,-0.7989013812223901
ABBY,ABBY_A_PRE_FLF,NA,NA,37.24464797973633,37.24464797973633,37.24464797973633,37.24464797973633,0,0.9906377576833818,87.68927917932355,-27.361418116369265,NA
ABBY,ABBY_A_PRE_OCC,NA,NA,37.26628494262695,37.26628494262695,37.26628494262695,37.26628494262695,0.5985103119337098,1.6421256955787598,38.792010847522626,-25.942672150647606,NA
ABBY,ABBY_A_PRE_HF,NA,NA,3.0452520847320557,3.0452520847320557,3.0452520847320557,3.0452520847320557,0.17989680171012878,0.17989680171012878,19.740916626934368,NA,5.265141654303682
TOOL,TOOL_Oaef_PRE_BULK,36.55656563652068,1.7707039494760257,38.20914873057529,38.20914873057529,38.20914873057529,38.20914873057529,0.909832567081561,2.4962969013046794,26.163974280730635,-27.632208820843907,-1.5770235356625524
ABBY,ABBY_Bt1_PRE_FLF,NA,NA,37.79169845581055,37.79169845581055,37.79169845581055,37.79169845581055,0,0.8839536914713252,99.71589692337866,-26.718113213101688,NA
ABBY,ABBY_Bt1_PRE_OCC,NA,NA,44.72041320800781,44.72041320800781,44.72041320800781,44.72041320800781,0,0.8640148864005435,120.72079469061113,-26.417363345062494,NA
ABBY,ABBY_Bt1_PRE_HF,NA,NA,0.8477795720100403,0.8477795720100403,0.8477795720100403,0.8477795720100403,0.06524132937192917,0.06524132937192917,15.154012927127154,-26.406762622686728,17.726216174418177
HARV,HARV_OA_PRE_BULK,31.084974368727742,1.4761130263941502,38.57389461933519,38.57389461933519,38.57389461933519,38.57389461933519,0.7315607854207682,2.0071747130570388,32.85041813524501,-28.52006148349758,0.4649645514430234
ABBY,ABBY_BC_PRE_FLF,NA,NA,41.230892181396484,41.230892181396484,41.230892181396484,41.230892181396484,0,2.0520353552012907,46.86357291669834,-26.662181549835896,NA
ABBY,ABBY_BC_PRE_OCC,NA,NA,NA,NA,NA,NA,NA,NA,NA,NA,NA
ABBY,ABBY_BC_PRE_HF,NA,NA,0.05966301428249938,0.15542020364598746,0.05966301428249938,0.15542020364598746,0,0.022674423814378904,11.062104914071462,NA,NA
BART,BART_OA_PRE_BULK,24.857425407757848,1.313596191032539,30.310455793426165,30.310455793426165,30.310455793426165,30.310455793426165,1.421033986858906,1.421033986858906,24.874565851758575,-26.880961921258006,3.4249206185327905
BARR,BARR_Oaf_PRE_FLF,NA,NA,NA,NA,NA,NA,NA,NA,NA,NA,NA
BARR,BARR_Oaf_PRE_OCC,NA,NA,NA,NA,NA,NA,NA,NA,NA,NA,NA
BARR,BARR_Oaf_PRE_HF,NA,NA,NA,NA,NA,NA,NA,NA,NA,NA,NA
BONA,BONA_Oea_PRE_BULK,19.65233612595876,0.8065674452086135,23.309345879649204,23.309345879649204,23.309345879649204,23.309345879649204,0.3922017566295868,1.0760793416102497,37.0269876664859,-25.984313276603004,6.7139128722744275
BARR,BARR_OACfjj_PRE_FLF,NA,NA,34.050181,34.050181,34.050181,34.050181,1.749404,1.749404,NA,-27.398341521512855,0.6296891408631405
BARR,BARR_OACfjj_PRE_OCC,NA,NA,NA,NA,NA,NA,NA,NA,NA,NA,NA
BARR,BARR_OACfjj_PRE_HF,NA,NA,4.617787,4.617787,4.617787,4.617787,0.327187,0.327187,NA,-26.836687168426522,1.6873833681527073
BARR,BARR_Oaf_PRE_BULK,17.53974737561535,1.0189898236785133,19.369717488660687,19.369717488660687,19.369717488660687,19.369717488660687,1.086543442659718,1.086543442659718,20.789483456040458,-28.470054350922325,4.037283839250424
BARR,BARR_Af_PRE_FLF,NA,NA,33.111987,33.111987,33.111987,33.111987,1.8827,1.8827,NA,-28.589296091716044,0.3503746788665407
BARR,BARR_Af_PRE_OCC,NA,NA,35.194344,35.194344,35.194344,35.194344,1.9524880000000002,1.9524880000000002,NA,-28.367302122796715,0.7921544636870095
BARR,BARR_Af_PRE_HF,NA,NA,5.851528,5.851528,5.851528,5.851528,0.43132100000000007,0.43132100000000007,NA,-27.641856620550328,1.2508446732469893
DEJU,DEJU_A_PRE_BULK,13.550962606801075,0.6522023594995031,18.465065387626133,18.465065387626133,18.465065387626133,18.465065387626133,0.485488253689682,1.3320284051743905,23.695722372454934,-27.083086026283098,1.1286883736100246
BART,BART_OA_PRE_FLF,NA,NA,39.53228759765625,39.53228759765625,39.53228759765625,39.53228759765625,1.7918914556503296,1.7918914556503296,25.728102368441498,NA,3.2922687866318308
BART,BART_OA_PRE_OCC,NA,NA,35.14901351928711,35.14901351928711,35.14901351928711,35.14901351928711,1.8858883380889893,1.8858883380889893,21.735251674642576,NA,6.780449392753203
BART,BART_OA_PRE_HF,NA,NA,3.5515196323394775,3.5515196323394775,3.5515196323394775,3.5515196323394775,0.2283323258161545,0.2283323258161545,18.13904118022133,NA,7.754777450137382
TOOL,TOOL_Af_PRE_BULK,10.89653408846336,0.449767548999039,11.932570661181664,11.932570661181664,11.932570661181664,11.932570661181664,0.25293237619034425,0.6939675823529684,29.391883692919833,-27.790385917274016,-2.840471416819529
BART,BART_Bgs1_PRE_FLF,NA,NA,35.53422164916992,35.53422164916992,35.53422164916992,35.53422164916992,1.310886025428772,1.310886025428772,31.611811291083043,NA,-0.3957986900947268
BART,BART_Bgs1_PRE_OCC,NA,NA,NA,NA,NA,NA,NA,NA,NA,NA,NA
BART,BART_Bgs1_PRE_HF,NA,NA,0.05023627785075708,0.1308638631131192,0.05023627785075708,0.1308638631131192,0,0.019091872385989746,11.062104914071464,NA,NA
TOOL,TOOL_BCfjj_PRE_BULK,10.32444727390047,0.40345337892568583,11.368566936767634,11.368566936767634,11.368566936767634,11.368566936767634,0.23848350021713505,0.6543243714763187,29.699231775761728,-27.878903746228048,-3.4461489620395653
BART,BART_BC_PRE_FLF,NA,NA,NA,NA,NA,NA,NA,NA,NA,NA,NA
BART,BART_BC_PRE_OCC,NA,NA,NA,NA,NA,NA,NA,NA,NA,NA,NA
BART,BART_BC_PRE_HF,NA,NA,0,0.04868332899431765,0,0.04868332899431765,0,0.01850168731142687,3.0685728521236633,NA,NA
HEAL,HEAL_Afjj_PRE_BULK,10.14133739186242,0.3317291243993489,10.922162733955206,10.922162733955206,10.922162733955206,10.922162733955206,0.20980406066813112,0.5756369308772449,32.43340783206029,-26.53095543494615,1.7053145098988143
BLAN,BLAN_Ap1_PRE_FLF,NA,NA,24.70941162109375,24.70941162109375,24.70941162109375,24.70941162109375,1.2730461359024048,1.2730461359024048,22.635274656564704,-29.273131767460686,1.652924377003381
BLAN,BLAN_Ap1_PRE_OCC,NA,NA,27.680784225463867,27.680784225463867,27.680784225463867,27.680784225463867,1.4206767082214358,1.4206767082214358,22.722213548534913,-28.001486637150467,3.4760872853300455
BLAN,BLAN_Ap1_PRE_HF,NA,NA,1.2902600765228271,1.2902600765228271,1.2902600765228271,1.2902600765228271,0.12401705235242844,0.12401705235242844,12.132864911452904,-26.650476706947583,4.896005406038822
MLBS,MLBS_A_PRE_BULK,9.47922067384461,0.5040530777863549,10.219442307412075,10.219442307412075,10.219442307412075,10.219442307412075,0.24344794834055042,0.6679452693376928,26.152843021199995,-28.869959091465663,3.0358980265873603
BLAN,BLAN_Bt1_PRE_FLF,NA,NA,NA,NA,NA,NA,NA,NA,NA,NA,NA
BLAN,BLAN_Bt1_PRE_OCC,NA,NA,33.22796630859375,33.22796630859375,33.22796630859375,33.22796630859375,0,1.0465754088458312,74.05096775356034,-27.448232689245867,NA
BLAN,BLAN_Bt1_PRE_HF,NA,NA,0.22744245827198026,0.22744245827198026,0.22744245827198026,0.22744245827198026,0.02320931893102122,0.06367913506849286,6.105299506780715,NA,NA
BARR,BARR_Af_PRE_BULK,8.897925262967508,0.5827447908494465,9.563612130737784,9.563612130737784,9.563612130737784,9.563612130737784,0.5974214241519363,0.5974214241519363,18.668467536301698,-27.46744564532643,1.103607977611619
BLAN,BLAN_Bt3_PRE_FLF,NA,NA,NA,NA,NA,NA,NA,NA,NA,NA,NA
BLAN,BLAN_Bt3_PRE_OCC,NA,NA,NA,NA,NA,NA,NA,NA,NA,NA,NA
BLAN,BLAN_Bt3_PRE_HF,NA,NA,0.06023589712412982,0.15691254473840877,0.06023589712412982,0.15691254473840877,0,0.022892143091611673,11.062104914071464,NA,NA
BARR,BARR_OACfjj_PRE_BULK,7.02768421307579,0.4092338581313213,7.036337944660629,7.036337944660629,7.036337944660629,7.036337944660629,0.4475871014996951,0.4475871014996951,18.333130702426573,-27.44809236399459,3.6492551591894866
BONA,BONA_Oea_PRE_FLF,NA,NA,NA,NA,NA,NA,NA,NA,NA,NA,NA
BONA,BONA_Oea_PRE_OCC,NA,NA,NA,NA,NA,NA,NA,NA,NA,NA,NA
BONA,BONA_Oea_PRE_HF,NA,NA,NA,NA,NA,NA,NA,NA,NA,NA,NA
NIWO,NIWO_A_PRE_BULK,6.889528826010974,0.5438892724635332,7.9163545712960595,7.9163545712960595,7.9163545712960595,7.9163545712960595,0.6328366794087725,0.6328366794087725,14.588179629946337,-26.29258927164069,5.991678997410443
BONA,BONA_Bfgjj_PRE_FLF,NA,NA,31.907703000000005,31.907703000000005,31.907703000000005,31.907703000000005,0.5862958157717973,1.6086129262812339,NA,-26.822759178847384,0.7477142372303517
BONA,BONA_Bfgjj_PRE_OCC,NA,NA,41.969281,41.969281,41.969281,41.969281,0,1.073962428890395,NA,-27.553530402061277,NA
BONA,BONA_Bfgjj_PRE_HF,NA,NA,2.109208,2.109208,2.109208,2.109208,0.133234,0.133234,NA,-26.25701993759985,2.781451668733225
ABBY,ABBY_A_PRE_BULK,6.04372964873396,0.3070056288591507,7.204281654393889,7.204281654393889,7.204281654393889,7.204281654393889,0.33887603199009986,0.33887603199009986,24.792329642689722,-25.83612525368083,4.653097390199388
BONA,BONA_Cfgjj_PRE_FLF,NA,NA,31.845530999999998,31.845530999999998,31.845530999999998,31.845530999999998,0.41939408719442434,1.1506866187997147,NA,NA,0.6836614720831914
BONA,BONA_Cfgjj_PRE_OCC,NA,NA,47.249044,47.249044,47.249044,47.249044,0.8839536914713252,2.425293335008629,NA,-27.028712512575595,0.335123959509426
BONA,BONA_Cfgjj_PRE_HF,NA,NA,1.189295,1.189295,1.189295,1.189295,0.08555899999999998,0.08555899999999998,NA,-26.42764763553741,2.5285370798262687
HEAL,HEAL_BCfgjj_PRE_BULK,5.5853783426377825,0.21617133413969458,5.424385232512626,5.424385232512626,5.424385232512626,5.424385232512626,0.09930898360729086,0.2724728889907655,34.02983297901723,-26.8475950279217,2.9262346827058696
CLBJ,CLBJ_A1_PRE_FLF,NA,NA,30.017362594604492,30.017362594604492,30.017362594604492,30.017362594604492,1.7855968475341797,1.7855968475341797,19.604538726396854,-27.79002146487916,-2.194291060939493
CLBJ,CLBJ_A1_PRE_OCC,NA,NA,18.88308334350586,18.88308334350586,18.88308334350586,18.88308334350586,1.5134285688400269,1.5134285688400269,14.550519175142567,-28.516635236583028,0.2480636845862949
CLBJ,CLBJ_A1_PRE_HF,NA,NA,0.9265421032905579,0.9265421032905579,0.9265421032905579,0.9265421032905579,0.07379405200481415,0.07379405200481415,14.642367695086621,-26.306834453227612,2.376317617676396
DCFS,DCFS_A1_PRE_BULK,5.279784629262026,0.4610071532219721,4.921091862711688,4.921091862711688,4.921091862711688,4.921091862711688,0.45653879522417806,0.45653879522417806,12.570463495887472,-23.7347431189557,5.789123544875183
CLBJ,CLBJ_Bt1_PRE_FLF,NA,NA,49.93545913696289,49.93545913696289,49.93545913696289,49.93545913696289,0,0.8512146658612761,136.82562887610288,-28.899049963426023,NA
CLBJ,CLBJ_Bt1_PRE_OCC,NA,NA,NA,NA,NA,NA,NA,NA,NA,NA,NA
CLBJ,CLBJ_Bt1_PRE_HF,NA,NA,0.21380132436752322,0.21380132436752322,0.21380132436752322,0.21380132436752322,0.023745010825761397,0.06514890661248514,5.609651077359585,NA,NA
JORN,JORN_2Bk1_PRE_BULK,5.020937141697297,0.012966826330231175,4.6905500210277085,4.6905500210277085,0.303006414161399,0.303006414161399,0.023156915568209643,0.06353535657898012,8.152089506351961,NA,NA
CLBJ,CLBJ_Bt4_PRE_FLF,NA,NA,45.29680252075195,45.29680252075195,45.29680252075195,45.29680252075195,0,0.9880823722379387,106.92318777795778,-28.484844173125566,NA
CLBJ,CLBJ_Bt4_PRE_OCC,NA,NA,NA,NA,NA,NA,NA,NA,NA,NA,NA
CLBJ,CLBJ_Bt4_PRE_HF,NA,NA,0.1695067435503006,0.1695067435503006,0.1695067435503006,0.1695067435503006,0.024192416819215218,0.06637644916865723,4.3652141442590935,NA,NA
SCBI,SCBI_A_PRE_BULK,4.828186775382125,0.4344410540939209,4.317197945804167,4.317197945804167,4.317197945804167,4.317197945804167,0.41794310478945856,0.41794310478945856,12.046261998592591,-26.32750750149386,2.092483882025923
CPER,CPER_A1_PRE_FLF,NA,NA,22.906858444213867,22.906858444213867,22.906858444213867,22.906858444213867,1.3067249059677122,1.3067249059677122,20.443199685589377,-20.375563076720805,2.4105589621642025
CPER,CPER_A1_PRE_OCC,NA,NA,19.02825927734375,19.02825927734375,19.02825927734375,19.02825927734375,0.5624766514501824,1.54326056559531,21.076203858578143,-21.757915900166648,NA
CPER,CPER_A1_PRE_HF,NA,NA,0.5064859390258789,0.5064859390258789,0.5064859390258789,0.5064859390258789,0.026003344472138007,0.07134507004686863,12.134894738470702,-17.52570287017959,14.284653125386459
WREF,WREF_A1_PRE_BULK,4.009050354196331,0.12724373012599416,3.9307645002912768,3.9307645002912768,3.9307645002912768,3.9307645002912768,0.07557505228361563,0.2073543810776965,32.40383398864487,-26.44901723512953,10.750486559466472
CPER,CPER_Bw1_PRE_FLF,NA,NA,28.451850891113285,28.451850891113285,28.451850891113285,28.451850891113285,1.3629190921783447,1.3629190921783447,24.344897825856194,-19.69389665161078,2.4504526858684255
CPER,CPER_Bw1_PRE_OCC,NA,NA,6.567858695983888,6.567858695983888,6.567858695983888,6.567858695983888,0.1691403884181223,0.4640684921270561,24.192141090291365,-23.114265625469397,NA
CPER,CPER_Bw1_PRE_HF,NA,NA,0.22775654494762418,0.22775654494762418,0.22775654494762418,0.22775654494762418,0.021918854767824267,0.06013850373874566,6.473674164645777,NA,NA
GRSM,GRSM_A_PRE_BULK,3.8291544118610283,0.2523863353323949,4.037847873488629,4.037847873488629,4.037847873488629,4.037847873488629,0.27576039965262894,0.27576039965262894,17.07597697242056,-25.748237569263214,6.109155479324851
CPER,CPER_Btk3_PRE_FLF,NA,NA,NA,NA,NA,NA,NA,NA,NA,NA,NA
CPER,CPER_Btk3_PRE_OCC,NA,NA,NA,NA,NA,NA,NA,NA,NA,NA,NA
CPER,CPER_Btk3_PRE_HF,NA,NA,NA,NA,NA,NA,NA,NA,NA,NA,NA
STEI,STEI_A1_PRE_BULK,3.718424102364669,0.19400078546272093,3.442403933627116,3.442403933627116,3.442403933627116,3.442403933627116,0.19397314444314442,0.19397314444314442,20.696062667013877,-27.51091963526116,5.584058243819501
DCFS,DCFS_A1_PRE_FLF,NA,NA,24.747480392456055,24.747480392456055,24.747480392456055,24.747480392456055,1.534273982048035,1.534273982048035,18.810293669978382,-27.057807586164827,0.25851825095052083
DCFS,DCFS_A1_PRE_OCC,NA,NA,31.39159965515137,31.39159965515137,31.39159965515137,31.39159965515137,2.1775546073913574,2.1775546073913574,16.811710382695317,-27.056273146055474,2.9257269794951934
DCFS,DCFS_A1_PRE_HF,NA,NA,3.9365692138671875,3.9365692138671875,3.9365692138671875,3.9365692138671875,0.35705262422561646,0.35705262422561646,12.857400433083447,-22.555602090660958,5.677023568060502
OAES,OAES_Bk1_PRE_BULK,3.495531649646646,0.07225068550028965,3.534401138861499,3.534401138861499,0.7625646701333075,0.7625646701333075,0.06402840515430518,0.1756739813072051,7.419964469703433,-14.65492855946985,5.419523388428329
DCFS,DCFS_Bw1_PRE_FLF,NA,NA,31.887434005737305,31.887434005737305,31.887434005737305,31.887434005737305,0.49277006814439234,1.3520074337526666,40.31559580601999,-25.863664804852853,1.4370342040132869
DCFS,DCFS_Bw1_PRE_OCC,NA,NA,44.14398574829101,44.14398574829101,44.14398574829101,44.14398574829101,0.8387881743888487,2.3013732375994294,32.788162108086716,-25.46892192437486,4.355967676359819
DCFS,DCFS_Bw1_PRE_HF,NA,NA,0.8793995380401611,0.8793995380401611,0.8793995380401611,0.8793995380401611,0.09563299268484116,0.09563299268484116,10.723733042031109,-20.102844534265962,7.527013082109246
SRER,SRER_Bw_PRE_BULK,3.4739377005838006,0.017821073342390633,3.8528651432751757,3.8528651432751757,3.8528651432751757,3.8528651432751757,0,0.051584223293586536,174.20652417422434,NA,NA
DCFS,DCFS_Bk2_PRE_FLF,NA,NA,37.74022674560547,37.74022674560547,37.74022674560547,37.74022674560547,0.6989901453240407,1.917811031332858,33.638086408962785,-25.209314878115435,2.8831742896970285
DCFS,DCFS_Bk2_PRE_OCC,NA,NA,57.77896118164062,57.77896118164062,57.77896118164062,57.77896118164062,0,1.6323008507282997,82.55949456044021,-27.874588906550237,NA
DCFS,DCFS_Bk2_PRE_HF,NA,NA,NA,NA,NA,NA,NA,NA,NA,NA,NA
SERC,SERC_A_PRE_BULK,3.421974844351049,0.21235084543867827,3.049706249818571,3.049706249818571,3.049706249818571,3.049706249818571,0.21263009152034448,0.21263009152034448,16.72633501574756,-26.889534855756462,2.7420940014375863
DEJU,DEJU_A_PRE_FLF,NA,NA,33.2408,33.2408,33.2408,33.2408,0.6048104204803805,1.6594112292164307,NA,-26.280504649099598,1.8904030762278923
DEJU,DEJU_A_PRE_OCC,NA,NA,34.148025,34.148025,34.148025,34.148025,0.7182123743204517,1.9705508346945115,NA,-26.469388813439053,3.228624204115594
DEJU,DEJU_A_PRE_HF,NA,NA,NA,NA,NA,NA,NA,NA,NA,NA,NA
OAES,OAES_Bk2_PRE_BULK,3.269491823071939,0.026810440783623084,3.367385874783009,3.367385874783009,0.18486794431569709,0.18486794431569709,0,0.05604154369735567,7.693944079309728,NA,NA
DEJU,DEJU_Bw1_PRE_FLF,NA,NA,30.662831,30.662831,30.662831,30.662831,0.5369812144451975,1.473309035285616,NA,-26.897941884562506,1.2352912900905202
DEJU,DEJU_Bw1_PRE_OCC,NA,NA,42.389991,42.389991,42.389991,42.389991,0.5774571853832778,1.5843624801563914,NA,NA,1.7565810025625828
DEJU,DEJU_Bw1_PRE_HF,NA,NA,0.6564830000000001,0.6564830000000001,0.6564830000000001,0.6564830000000001,0.023172813045225303,0.0635789742994801,NA,NA,4.269819504931985
ORNL,ORNL_A_PRE_BULK,3.0107114526044327,0.140928843741742,2.7209325035615235,2.7209325035615235,2.7209325035615235,2.7209325035615235,0.16012959174682995,0.16012959174682995,19.815894423206178,-26.640913569302075,3.207466939003106
DEJU,DEJU_2BC1_PRE_FLF,NA,NA,NA,NA,NA,NA,NA,NA,NA,NA,NA
DEJU,DEJU_2BC1_PRE_OCC,NA,NA,NA,NA,NA,NA,NA,NA,NA,NA,NA
DEJU,DEJU_2BC1_PRE_HF,NA,NA,0.199321,0.199321,0.199321,0.199321,0,0.023163471052463674,NA,NA,NA
WOOD,WOOD_Apk_PRE_BULK,2.9540958533574435,0.1875853357426501,2.7486046309742878,2.7486046309742878,2.0291227558778697,2.0291227558778697,0.1916796523755375,0.1916796523755375,12.345247913888741,-22.504918609903342,5.300199117571378
DELA,DELA_A_PRE_FLF,NA,NA,20.453955,20.453955,20.453955,20.453955,0.47095893398062416,1.292164481766893,NA,-29.086256332212173,2.8093673301097297
DELA,DELA_A_PRE_OCC,NA,NA,42.463906,42.463906,42.463906,42.463906,0.7660931992751485,2.1019208903408124,NA,-26.870318174007622,1.4975605113098198
DELA,DELA_A_PRE_HF,NA,NA,1.5454249999999998,1.5454249999999998,1.5454249999999998,1.5454249999999998,0.16309799999999997,0.16309799999999997,NA,-25.649443142371055,6.008500626128645
SRER,SRER_Ck_PRE_BULK,2.928587206277644,0.011721359471867396,3.095630211203107,3.095630211203107,0.16850743961299575,0.16850743961299575,0,0.05501109467991268,7.144408783344791,NA,NA
DELA,DELA_Btg1_PRE_FLF,NA,NA,34.136528,34.136528,34.136528,34.136528,0,2.2098842286783134,NA,NA,NA
DELA,DELA_Btg1_PRE_OCC,NA,NA,29.489402999999996,29.489402999999996,29.489402999999996,29.489402999999996,NA,NA,NA,NA,NA
DELA,DELA_Btg1_PRE_HF,NA,NA,0.19070699999999996,0.19070699999999996,0.19070699999999996,0.19070699999999996,0.02307973084781528,0.06332358577046031,NA,NA,3.337197601993919
BONA,BONA_Bfgjj_PRE_BULK,2.8660389909055795,0.14112824094336401,3.048006976787511,3.048006976787511,3.048006976787511,3.048006976787511,0.05737784266826118,0.15742691132256195,33.0955475815299,-26.876259533014093,6.99741819395657
DELA,DELA_Btg3_PRE_FLF,NA,NA,NA,NA,NA,NA,NA,NA,NA,NA,NA
DELA,DELA_Btg3_PRE_OCC,NA,NA,16.086586,16.086586,16.086586,16.086586,0,0.5774571853832778,NA,NA,NA
DELA,DELA_Btg3_PRE_HF,NA,NA,0.06485889240319753,0.16895529645599838,0.06485889240319753,0.16895529645599838,0.024649073335751243,0.06762937227608791,NA,NA,2.8583754085326065
TREE,TREE_A1_PRE_BULK,2.8512171882160167,0.1653232858501426,3.0904210579422458,3.0904210579422458,3.0904210579422458,3.0904210579422458,0.20085168672314002,0.20085168672314002,17.943604102509692,-26.554382504592247,1.6874031954314423
DSNY,DSNY_A_PRE_FLF,NA,NA,29.791324615478516,29.791324615478516,29.791324615478516,29.791324615478516,1.3741196393966675,1.3741196393966675,25.283242751353036,-21.62934476495111,2.5105144668229875
DSNY,DSNY_A_PRE_OCC,NA,NA,18.720783233642578,18.720783233642578,18.720783233642578,18.720783233642578,0.46884528719409335,1.2863652939662253,24.87667253972648,-22.624225399066837,2.6459609458176816
DSNY,DSNY_A_PRE_HF,NA,NA,0,0.05830546787190645,0,0.05830546787190645,0,0.022158499786207538,3.068572852123663,NA,NA
UNDE,UNDE_A_PRE_BULK,2.6425780476750567,0.19800589495414023,2.610301890888731,2.610301890888731,2.610301890888731,2.610301890888731,0.22966757517408695,0.22966757517408695,13.25435383715104,-26.127348688273926,4.330438144465692
DSNY,DSNY_Bh1_PRE_FLF,NA,NA,19.945472717285156,19.945472717285156,19.945472717285156,19.945472717285156,0.47328657286355963,1.2985507971627754,26.25536013348698,-24.78390730630371,4.785739139386019
DSNY,DSNY_Bh1_PRE_OCC,NA,NA,16.62641143798828,16.62641143798828,16.62641143798828,16.62641143798828,0.33927953909439706,0.9308772765016883,30.530835098229872,-22.302684829729483,4.76443403785577
DSNY,DSNY_Bh1_PRE_HF,NA,NA,0.4235583543777466,0.4235583543777466,0.4235583543777466,0.4235583543777466,0,0.021610527483078942,45.71359621710859,-26.92199597062533,NA
DCFS,DCFS_Bk2_PRE_BULK,2.5961822668711343,0.03474061361007523,2.662403583526611,2.662403583526611,0.43836701767089226,0.43836701767089226,0,0.047443679694125274,21.55048302505567,-25.479903653737686,4.821419936872591
DSNY,DSNY_Bh2_PRE_FLF,NA,NA,26.109914779663086,26.109914779663086,26.109914779663086,26.109914779663086,0.5633038229964328,1.545530066427068,28.877566011809655,-25.053077507629496,NA
DSNY,DSNY_Bh2_PRE_OCC,NA,NA,27.773683547973633,27.773683547973633,27.773683547973633,27.773683547973633,0.6064062263391676,1.6637896229610654,28.53432876121492,-25.07086457025433,4.581942920070158
DSNY,DSNY_Bh2_PRE_HF,NA,NA,0.4304356575012207,0.4304356575012207,0.4304356575012207,0.4304356575012207,0,0.023076486513499264,43.504687959488294,-27.057279287191037,NA
DSNY,DSNY_A_PRE_BULK,2.5900061775380228,0.10204376972566435,1.824914116183603,1.824914116183603,1.824914116183603,1.824914116183603,0.08074482783205862,0.08074482783205862,26.356954399804227,-20.997182137346307,2.5052737604703648
GRSM,GRSM_A_PRE_FLF,NA,NA,29.444089889526364,29.444089889526364,29.444089889526364,29.444089889526364,0.5004964280978759,1.3732061565815412,36.65177249742293,-27.289068451261834,1.0977506322300936
GRSM,GRSM_A_PRE_OCC,NA,NA,40.33089828491211,40.33089828491211,40.33089828491211,40.33089828491211,0.5474701281146844,1.5020873442168738,45.896048648948685,NA,3.9639099107291713
GRSM,GRSM_A_PRE_HF,NA,NA,3.1894097328186035,3.1894097328186035,3.1894097328186035,3.1894097328186035,0.22979867458343506,0.22979867458343506,16.185655898313676,-25.610345564219593,6.210563966267465
SOAP,SOAP_A_PRE_BULK,2.5875226741548154,0.1104260642760454,2.7820747266919272,2.7820747266919272,2.7820747266919272,2.7820747266919272,0.04733860114140004,0.12988236255427615,36.61433917497986,-25.824824635484703,1.9946830023974869
GRSM,GRSM_Bt1_PRE_FLF,NA,NA,37.33437728881836,37.33437728881836,37.33437728881836,37.33437728881836,0.7191112633997013,1.973017106077108,32.34526030117377,-26.959015321674215,NA
GRSM,GRSM_Bt1_PRE_OCC,NA,NA,45.41975784301758,45.41975784301758,45.41975784301758,45.41975784301758,0.6484987578514237,1.7792784060447056,43.63485081931746,-27.202471273202526,NA
GRSM,GRSM_Bt1_PRE_HF,NA,NA,0.4982526004314422,0.4982526004314422,0.4982526004314422,0.4982526004314422,0.023377882187218448,0.06414162008974099,13.278292705941096,-24.741389575923225,8.131414592543265
SRER,SRER_Ak1_PRE_BULK,2.5147179393875163,0.027617270457206147,2.674198256086569,2.674198256086569,0.4149125864164131,0.4149125864164131,0.02256959122483432,0.06192392169362368,11.453302881290016,-18.49168877643821,5.92005081714398
GRSM,GRSM_Bt2_PRE_FLF,NA,NA,38.622135162353516,38.622135162353516,38.622135162353516,38.622135162353516,0.8914971287142924,2.445990174950519,26.990700757981124,-29.079217642314717,NA
GRSM,GRSM_Bt2_PRE_OCC,NA,NA,35.38309860229492,35.38309860229492,35.38309860229492,35.38309860229492,0.5551399994747453,1.5231310799571105,39.70920311119989,-28.091033095150692,1.9056785246927699
GRSM,GRSM_Bt2_PRE_HF,NA,NA,0.06607494348667166,0.1721230698129156,0.06607494348667166,0.1721230698129156,0.025111223261936166,0.06889736758688908,2.9548681002027903,NA,NA
HARV,HARV_Bw1_PRE_BULK,2.4916510168644175,0.11729290269688053,2.502760283958756,2.502760283958756,2.502760283958756,2.502760283958756,0.12683426129872588,0.12683426129872588,23.011778136394586,-25.83166699628644,7.216735379274719
HARV,HARV_OA_PRE_FLF,NA,NA,39.08174514770508,39.08174514770508,39.08174514770508,39.08174514770508,0.8327099992121181,2.2846966199356658,29.240042417873795,-28.841743922949934,-0.576874198961085
HARV,HARV_OA_PRE_OCC,NA,NA,35.34645462036133,35.34645462036133,35.34645462036133,35.34645462036133,0.7660931992751485,2.1019208903408124,28.744984683488934,-27.655626629008236,3.634382639167849
HARV,HARV_OA_PRE_HF,NA,NA,NA,NA,NA,NA,NA,NA,NA,NA,NA
WOOD,WOOD_Bk1_PRE_BULK,2.3882436904535496,0.04298375803045927,2.7795141911314367,2.7795141911314367,0.5274408329430113,0.5274408329430113,0.023293819388463043,0.06391097797860924,14.106876829778262,-22.6968372702054,6.166351124732127
HARV,HARV_Bw1_PRE_FLF,NA,NA,30.823715209960938,30.823715209960938,30.823715209960938,30.823715209960938,0.809253379516002,2.2203389686698722,23.730030223836206,-28.13271996672389,NA
HARV,HARV_Bw1_PRE_OCC,NA,NA,29.15462875366211,29.15462875366211,29.15462875366211,29.15462875366211,0,1.1846802050646628,57.398941936897586,-27.083477898825222,NA
HARV,HARV_Bw1_PRE_HF,NA,NA,1.4442102909088135,1.4442102909088135,1.4442102909088135,1.4442102909088135,0.08821577578783035,0.08821577578783035,19.092011400067346,-25.746841704278516,7.633816886501595
NGPR,NGPR_A_PRE_BULK,2.3751406557037074,0.1964717008520063,2.4873429198663666,2.4873429198663666,2.4873429198663666,2.4873429198663666,0.22334074251153055,0.22334074251153055,12.987788736616563,-21.821184554469454,5.509501820623612
HARV,HARV_Bw3_PRE_FLF,NA,NA,33.51921081542969,33.51921081542969,33.51921081542969,33.51921081542969,0,0.8327099992121181,93.88528054758685,-28.202023913908384,NA
HARV,HARV_Bw3_PRE_OCC,NA,NA,25.596364974975582,25.596364974975582,25.596364974975582,25.596364974975582,0,1.1725916315435947,50.91303735260298,-27.532216701008018,NA
HARV,HARV_Bw3_PRE_HF,NA,NA,0.4908530414104462,0.4908530414104462,0.4908530414104462,0.4908530414104462,0.023168141107111347,0.06356615595788748,13.19951963335614,-25.704086906633336,NA
WOOD,WOOD_2Ck_PRE_BULK,2.266339578065464,0.014047874175396487,1.9613871845689252,1.9613871845689252,0.22164562790959477,0.22164562790959477,0.02211331731771013,0.06067204834713113,6.244578087043694,NA,NA
HEAL,HEAL_Oae_PRE_FLF,NA,NA,NA,NA,NA,NA,NA,NA,NA,NA,NA
HEAL,HEAL_Oae_PRE_OCC,NA,NA,NA,NA,NA,NA,NA,NA,NA,NA,NA
HEAL,HEAL_Oae_PRE_HF,NA,NA,NA,NA,NA,NA,NA,NA,NA,NA,NA
OAES,OAES_Ak_PRE_BULK,2.1169175073458644,0.17080488006535682,2.267806877627099,2.267806877627099,1.6361494290251057,1.6361494290251057,0.17805579400240568,0.17805579400240568,10.71604089366638,-17.396325195492203,4.433580756432678
HEAL,HEAL_Afjj_PRE_FLF,NA,NA,NA,NA,NA,NA,NA,NA,NA,NA,NA
HEAL,HEAL_Afjj_PRE_OCC,NA,NA,NA,NA,NA,NA,NA,NA,NA,NA,NA
HEAL,HEAL_Afjj_PRE_HF,NA,NA,NA,NA,NA,NA,NA,NA,NA,NA,NA
TALL,TALL_A1_PRE_BULK,2.0864691303852507,0.07263553821832468,2.9210927658842114,2.9210927658842114,2.9210927658842114,2.9210927658842114,0.03750940891618983,0.10291412358166445,48.51800762089579,-27.505091312987876,NA
HEAL,HEAL_BCfgjj_PRE_FLF,NA,NA,NA,NA,NA,NA,NA,NA,NA,NA,NA
HEAL,HEAL_BCfgjj_PRE_OCC,NA,NA,NA,NA,NA,NA,NA,NA,NA,NA,NA
HEAL,HEAL_BCfgjj_PRE_HF,NA,NA,NA,NA,NA,NA,NA,NA,NA,NA,NA
ONAQ,ONAQ_Ak_PRE_BULK,2.054544219860721,0.08101841664981986,2.0506579891657286,2.0506579891657286,0.9030450773224893,0.9030450773224893,0.10416845200334765,0.10416845200334765,10.10975722612157,-21.91697079309074,10.11461231111311
JORN,JORN_Ak_PRE_FLF,NA,NA,32.23319625854492,32.23319625854492,32.23319625854492,32.23319625854492,0.8518456626484231,2.3371989143893392,23.574380323887315,-18.17962883302551,0.6996622208072778
JORN,JORN_Ak_PRE_OCC,NA,NA,NA,NA,NA,NA,NA,NA,NA,NA,NA
JORN,JORN_Ak_PRE_HF,NA,NA,NA,NA,0.2205438166856766,0.2205438166856766,0.02407583907212912,0.06605659617664401,5.7070448297604255,NA,NA
KONZ,KONZ_A1_PRE_BULK,2.03437068221862,0.16761103808357014,2.125713506288697,2.125713506288697,2.125713506288697,2.125713506288697,0.1872132408122223,0.1872132408122223,13.241454059432106,-16.079152100378355,6.478515210929755
JORN,JORN_Bk1_PRE_FLF,NA,NA,NA,NA,NA,NA,NA,NA,NA,NA,NA
JORN,JORN_Bk1_PRE_OCC,NA,NA,NA,NA,NA,NA,NA,NA,NA,NA,NA
JORN,JORN_Bk1_PRE_HF,NA,NA,NA,NA,0.1696271300315857,0.1696271300315857,0.023084367193907652,0.0633363064586424,4.5779934820253825,NA,NA
RMNP,RMNP_A1_PRE_BULK,2.006632831246749,0.07786883582721338,1.8917577066560733,1.8917577066560733,1.8917577066560733,1.8917577066560733,0.0989748625336283,0.0989748625336283,22.2898995906852,-24.62840204967827,5.3587090398147375
JORN,JORN_2Bk1_PRE_FLF,NA,NA,NA,NA,NA,NA,NA,NA,NA,NA,NA
JORN,JORN_2Bk1_PRE_OCC,NA,NA,NA,NA,NA,NA,NA,NA,NA,NA,NA
JORN,JORN_2Bk1_PRE_HF,NA,NA,NA,NA,0.2822328507900238,0.2822328507900238,0.023252525271402726,0.0637976797958563,7.56197552029175,NA,NA
ONAQ,ONAQ_Bk1_PRE_BULK,1.9992374072898482,0.03766872611704179,2.0970146370143925,2.0970146370143925,0.392503653733087,0.392503653733087,0.03769522788627248,0.10342395290191932,6.487168227099688,-22.21943963737838,8.933663239916719
KONA,KONA_Ap_PRE_FLF,NA,NA,NA,NA,NA,NA,NA,NA,NA,NA,NA
KONA,KONA_Ap_PRE_OCC,NA,NA,34.11126708984375,34.11126708984375,34.11126708984375,34.11126708984375,0.7838607086717072,2.150669396665224,27.11170221711206,-20.448083857516856,10.035432884214574
KONA,KONA_Ap_PRE_HF,NA,NA,1.4877383708953857,1.4877383708953857,1.4877383708953857,1.4877383708953857,0.13902224600315094,0.13902224600315094,12.479861658432343,-13.496875829517494,8.156344034894065
DSNY,DSNY_Bh1_PRE_BULK,1.9193832404951743,0.06345490913035297,1.7306352108790108,1.7306352108790108,1.7306352108790108,1.7306352108790108,0.029301435666667857,0.0803940040232967,36.79717391025619,-22.700045349043826,5.481787871367517
KONA,KONA_Bt1_PRE_FLF,NA,NA,NA,NA,NA,NA,NA,NA,NA,NA,NA
KONA,KONA_Bt1_PRE_OCC,NA,NA,NA,NA,NA,NA,NA,NA,NA,NA,NA
KONA,KONA_Bt1_PRE_HF,NA,NA,0.9542256593704224,0.9542256593704224,0.9542256593704224,0.9542256593704224,0.10337483882904051,0.10337483882904051,10.764745152814696,-14.486707099284581,10.3786738815309
DELA,DELA_A_PRE_BULK,1.8767294115349857,0.16533045092915466,1.8091581241218637,1.8091581241218637,1.8091581241218637,1.8091581241218637,0.17176634736299842,0.17176634736299842,12.283042479445532,-27.003391416020982,6.871543599470108
KONA,KONA_Btk_PRE_FLF,NA,NA,NA,NA,NA,NA,NA,NA,NA,NA,NA
KONA,KONA_Btk_PRE_OCC,NA,NA,NA,NA,NA,NA,NA,NA,NA,NA,NA
KONA,KONA_Btk_PRE_HF,NA,NA,NA,NA,0.30708062648773193,0.30708062648773193,0.023576934733539653,0.06468775821730034,8.114521332901207,NA,7.6568609965513135
ONAQ,ONAQ_Bk2_PRE_BULK,1.8057835728223903,0.027014967110892848,1.8245846584799892,1.8245846584799892,0.2616579870118137,0.2616579870118137,0.02969132290674826,0.08146373305310367,5.490378401751143,NA,7.033315902068823
KONZ,KONZ_A1_PRE_FLF,NA,NA,25.8974609375,25.8974609375,25.8974609375,25.8974609375,0.3651540511321013,1.0018688705151633,44.1854103987758,NA,0.5874535700885424
KONZ,KONZ_A1_PRE_OCC,NA,NA,44.2694320678711,44.2694320678711,44.2694320678711,44.2694320678711,0.8167304896323545,2.2408538276554504,33.769374112909794,-21.590570500693197,4.286559390546908
KONZ,KONZ_A1_PRE_HF,NA,NA,1.7715834379196167,1.7715834379196167,1.7715834379196167,1.7715834379196167,0.15395353734493256,0.15395353734493256,13.419596169758472,-15.731985715986154,7.370552165877316
NGPR,NGPR_Btk1_PRE_BULK,1.7640493683665586,0.04231042973166522,1.6236521413183638,1.6236521413183638,0.5868127180686425,0.5868127180686425,0.023315818199305054,0.06397133585688727,15.680022701287786,-23.0713624448059,5.776155964098711
KONZ,KONZ_Bt1_PRE_FLF,NA,NA,34.45610046386719,34.45610046386719,34.45610046386719,34.45610046386719,0.4818196221856281,1.3219628241137185,44.55325843148521,NA,2.0984447916271622
KONZ,KONZ_Bt1_PRE_OCC,NA,NA,NA,NA,NA,NA,NA,NA,NA,NA,NA
KONZ,KONZ_Bt1_PRE_HF,NA,NA,0.8860235214233397,0.8860235214233397,0.8860235214233397,0.8860235214233397,0.09372972697019577,0.09372972697019577,11.023903600583834,-15.718608678377544,9.417180136711256
BONA,BONA_Cfgjj_PRE_BULK,1.6204272190882476,0.09143955129828386,1.6485448285442368,1.6485448285442368,1.6485448285442368,1.6485448285442368,0.10209619549810962,0.10209619549810962,18.830363769888372,-26.21666026982242,3.4058132305055695
KONZ,KONZ_Bt2_PRE_FLF,NA,NA,32.707908630371094,32.707908630371094,32.707908630371094,32.707908630371094,0.43200744320027173,1.1852937351545934,47.1692939994652,-16.72253212625036,3.066576120710884
KONZ,KONZ_Bt2_PRE_OCC,NA,NA,NA,NA,NA,NA,NA,NA,NA,NA,NA
KONZ,KONZ_Bt2_PRE_HF,NA,NA,0.3033030927181244,0.3033030927181244,0.3033030927181244,0.3033030927181244,0.02451707450049546,0.06726720862604209,7.707366688618458,NA,NA
KONA,KONA_Ap_PRE_BULK,1.5832980270298933,0.12710908443007002,1.5998641477570228,1.5998641477570228,1.5998641477570228,1.5998641477570228,0.13851660727083723,0.13851660727083723,13.469416053488098,-15.0058087380886,7.515209438183695
LENO,LENO_A2_PRE_FLF,NA,NA,NA,NA,NA,NA,NA,NA,NA,NA,NA
LENO,LENO_A2_PRE_OCC,NA,NA,42.70605850219727,42.70605850219727,42.70605850219727,42.70605850219727,0.8196432231902445,2.2488454604216965,32.46104284070838,-28.925058104105617,NA
LENO,LENO_A2_PRE_HF,NA,NA,0.9235838651657104,0.9235838651657104,0.9235838651657104,0.9235838651657104,0.10304514318704605,0.10304514318704605,10.452407134159992,-25.84699149441729,6.098770337071909
BLAN,BLAN_Ap1_PRE_BULK,1.5251755007232852,0.1384981684788873,1.481060731399283,1.481060731399283,1.481060731399283,1.481060731399283,0.14460240278148104,0.14460240278148104,11.944414479377908,-26.477149338860393,4.678179605386895
LENO,LENO_Bg_PRE_FLF,NA,NA,39.04613876342774,39.04613876342774,39.04613876342774,39.04613876342774,0.8518456626484231,2.3371989143893392,28.55715945775331,-29.11358707020586,NA
LENO,LENO_Bg_PRE_OCC,NA,NA,49.80159378051758,49.80159378051758,49.80159378051758,49.80159378051758,0,0.9041225797897111,128.4734625365227,-27.248229801891853,NA
LENO,LENO_Bg_PRE_HF,NA,NA,0.5227323770523071,0.5227323770523071,0.5227323770523071,0.5227323770523071,0.06442981213331223,0.06442981213331223,9.461501068847138,-22.842730174792923,8.650261987987795
CLBJ,CLBJ_A1_PRE_BULK,1.4626022027992662,0.12369026120342415,1.4724915895022221,1.4724915895022221,1.4724915895022221,1.4724915895022221,0.12847325115350458,0.12847325115350458,13.366189553669122,-27.994517707171795,2.385194752312029
LENO,LENO_Btg3_PRE_FLF,NA,NA,35.23691940307617,35.23691940307617,35.23691940307617,35.23691940307617,0,0.8977654679005647,91.54455960785455,-28.495618155042454,NA
LENO,LENO_Btg3_PRE_OCC,NA,NA,44.450141906738274,44.450141906738274,44.450141906738274,44.450141906738274,0,0.9697382269305678,106.90946079548628,-27.562549976979426,NA
LENO,LENO_Btg3_PRE_HF,NA,NA,0.5630078315734863,0.5630078315734863,0.5630078315734863,0.5630078315734863,0.07009409368038177,0.07009409368038177,9.36699996998717,-25.02178286365363,6.5502341525941485
ABBY,ABBY_Bt1_PRE_BULK,1.4540280028559864,0.0560353857590191,1.2376470797097499,1.2376470797097499,1.2376470797097499,1.2376470797097499,0.02243610106769108,0.06155766632127507,34.367446350192445,-24.641424111658278,8.799015717217744
MLBS,MLBS_A_PRE_FLF,NA,NA,28.87906837463379,28.87906837463379,28.87906837463379,28.87906837463379,0.6681045342515831,1.8330705439018713,26.930014635063696,-27.482913393952188,1.3136206759036855
MLBS,MLBS_A_PRE_OCC,NA,NA,36.06473922729492,36.06473922729492,36.06473922729492,36.06473922729492,0.9906377576833818,2.718001151302775,22.681185423753075,-28.132860702443757,3.2328551190033195
MLBS,MLBS_A_PRE_HF,NA,NA,5.475675106048584,5.475675106048584,5.475675106048584,5.475675106048584,0.324062705039978,0.324062705039978,19.704985807376364,NA,5.353713104670996
STER,STER_Bkt1_PRE_BULK,1.3370603731233788,0.04159334970459549,1.3755315787171671,1.3755315787171671,0.41955357547455546,0.41955357547455546,0.023071211011172217,0.06330020999498116,11.329607509247918,-17.996303154266727,5.924416206059062
MLBS,MLBS_Bw1_PRE_FLF,NA,NA,27.784075,27.784075,27.784075,27.784075,0.7413805154275631,2.0341169906523993,NA,-28.35775946893137,NA
MLBS,MLBS_Bw1_PRE_OCC,NA,NA,56.023369,56.023369,56.023369,56.023369,0.9267256442844538,2.542646238315499,NA,-28.12256057280772,NA
MLBS,MLBS_Bw1_PRE_HF,NA,NA,0.818063,0.818063,0.818063,0.818063,0.06988799999999999,0.06988799999999999,NA,-26.020448482403097,7.380624114308382
LENO,LENO_A2_PRE_BULK,1.3330950963573225,0.10583554251066855,1.383237399724579,1.383237399724579,1.383237399724579,1.383237399724579,0.1363452623446311,0.1363452623446311,11.83107420764019,-26.09653929032932,7.3521269473991095
MLBS,MLBS_Bg_PRE_FLF,NA,NA,36.781916,36.781916,36.781916,36.781916,0,1.618506759032004,NA,NA,NA
MLBS,MLBS_Bg_PRE_OCC,NA,NA,87.779925,87.779925,87.779925,87.779925,0,2.872849497281807,NA,-28.28308866978835,NA
MLBS,MLBS_Bg_PRE_HF,NA,NA,0.358151,0.358151,0.358151,0.358151,0.024712683847585435,0.0678038996884133,NA,NA,5.523183440099886
MOAB,MOAB_Bk3_PRE_BULK,1.2951230095688409,0.008593459669831237,1.3454616951519216,1.3454616951519216,0.058829903346090694,0.1532499768655695,0,0.023820497502314047,10.382839704596034,NA,NA
MOAB,MOAB_A_PRE_FLF,NA,NA,25.052087783813477,25.052087783813477,25.052087783813477,25.052087783813477,1.7612470388412473,1.7612470388412473,16.58789036693706,-19.196590598422574,5.072049218244027
MOAB,MOAB_A_PRE_OCC,NA,NA,30.78352165222168,30.78352165222168,30.78352165222168,30.78352165222168,0.7870820540498101,2.15950776404878,24.36666660792165,-23.258549825106254,4.661206251520056
MOAB,MOAB_A_PRE_HF,NA,NA,0.2620211839675904,0.2620211839675904,0.2620211839675904,0.2620211839675904,0.02394041247734839,0.06568502782315039,6.818716050177733,NA,NA
UNDE,UNDE_Bhs_PRE_BULK,1.211784594054988,0.07589294489294825,1.179213014848087,1.179213014848087,1.179213014848087,1.179213014848087,0.08676754511536228,0.08676754511536228,15.849021735365506,-25.86958160840168,6.480338984009201
MOAB,MOAB_Bk1_PRE_FLF,NA,NA,17.551631927490234,17.551631927490234,17.551631927490234,17.551631927490234,1.1111938953399658,1.1111938953399658,18.420234871299957,-17.09452067372492,5.593471050638401
MOAB,MOAB_Bk1_PRE_OCC,NA,NA,15.17887020111084,15.17887020111084,15.17887020111084,15.17887020111084,1.378568172454834,1.378568172454834,12.840404558790166,-19.899129942925697,5.624584713893324
MOAB,MOAB_Bk1_PRE_HF,NA,NA,NA,NA,NA,NA,NA,NA,NA,NA,NA
MLBS,MLBS_Bw1_PRE_BULK,1.1133066174606547,0.06981931588824644,1.1011651727683744,1.1011651727683744,1.1011651727683744,1.1011651727683744,0.07149084762141503,0.07149084762141503,17.962613630102275,-26.058409161594366,9.041106418178813
MOAB,MOAB_Bk3_PRE_FLF,NA,NA,NA,NA,NA,NA,NA,NA,NA,NA,NA
MOAB,MOAB_Bk3_PRE_OCC,NA,NA,NA,NA,NA,NA,NA,NA,NA,NA,NA
MOAB,MOAB_Bk3_PRE_HF,NA,NA,NA,NA,0.06248649646284499,0.16277528251247456,0,0.023747464329669826,11.062104914071462,NA,NA
DEJU,DEJU_Bw1_PRE_BULK,1.0663982250626935,0.046993786843904116,1.1384216410575436,1.1384216410575436,1.1384216410575436,1.1384216410575436,0.024460729015774806,0.06711261418306468,28.995565033552374,-26.266204174547127,8.575653771167516
NGPR,NGPR_A_PRE_FLF,NA,NA,25.93709373474121,25.93709373474121,25.93709373474121,25.93709373474121,1.265507459640503,1.265507459640503,23.901442348676056,-25.924191635109594,-0.6463743498982731
NGPR,NGPR_A_PRE_OCC,NA,NA,39.77046203613281,39.77046203613281,39.77046203613281,39.77046203613281,0.9373081557200024,2.571681350335415,26.434802508075954,-25.909134643353987,3.7102976611701584
NGPR,NGPR_A_PRE_HF,NA,NA,1.7666863203048708,1.7666863203048708,1.7666863203048708,1.7666863203048708,0.1810421347618103,0.1810421347618103,11.380131796046433,-21.616814201232295,6.911652020083526
KONA,KONA_Bt1_PRE_BULK,1.0412891127812307,0.07987180734833753,0.96232743539671906,0.96232743539671906,0.96232743539671906,0.96232743539671906,0.10197086808305149,0.10197086808305149,11.005613536575176,-15.927876518716685,8.71461812745877
NGPR,NGPR_Bt1_PRE_FLF,NA,NA,28.479509353637695,28.479509353637695,28.479509353637695,28.479509353637695,0.6836048774019766,1.875598652891861,25.955247825473638,-25.489095510682795,2.7098389535590828
NGPR,NGPR_Bt1_PRE_OCC,NA,NA,49.6430892944336,49.6430892944336,49.6430892944336,49.6430892944336,1.079004506021336,2.9604519582264963,28.66377401305646,-25.266563059116976,NA
NGPR,NGPR_Bt1_PRE_HF,NA,NA,0.929509162902832,0.929509162902832,0.929509162902832,0.929509162902832,0.11335328221321107,0.11335328221321107,9.562844258797863,-21.510567945277337,8.627019025732581
DCFS,DCFS_Bw1_PRE_BULK,1.0327996878533525,0.08149924803930067,1.0037057665601246,1.0037057665601246,1.0037057665601246,1.0037057665601246,0.09343314749602409,0.09343314749602409,12.527746232252353,-20.317051106861715,-0.2308321217304381
NGPR,NGPR_Btk1_PRE_FLF,NA,NA,32.848148345947266,32.848148345947266,32.848148345947266,32.848148345947266,0.8772059533684907,2.406779645428411,23.329592475527743,-25.89456873234093,NA
NGPR,NGPR_Btk1_PRE_OCC,NA,NA,53.03321838378906,53.03321838378906,53.03321838378906,53.03321838378906,1.0504020099750666,2.8819756266098886,31.455041979652197,-25.738982590564,7.7081470839023645
NGPR,NGPR_Btk1_PRE_HF,NA,NA,NA,NA,NA,NA,NA,NA,NA,NA,NA
SCBI,SCBI_Bt2_PRE_BULK,1.0239199047185938,0.08397015791107604,1.0910866984299252,1.0910866984299252,1.0910866984299252,1.0910866984299252,0.09887058196627367,0.09887058196627367,12.86944085372151,-26.345479908400428,4.008592717070628
NIWO,NIWO_A_PRE_FLF,NA,NA,30.945749282836914,30.945749282836914,30.945749282836914,30.945749282836914,1.8654773235321043,1.8654773235321043,19.34543661437852,-26.4120652963084,0.594009878818315
NIWO,NIWO_A_PRE_OCC,NA,NA,34.58602523803711,34.58602523803711,34.58602523803711,34.58602523803711,2.388519048690796,2.388519048690796,16.886492534628108,-26.631662150232145,6.8472230519138115
NIWO,NIWO_A_PRE_HF,NA,NA,4.302516937255859,4.302516937255859,4.302516937255859,4.302516937255859,0.3666125237941742,0.3666125237941742,13.6861973908913,NA,6.087116644123586
NGPR,NGPR_Bt1_PRE_BULK,0.9815205419277054,0.08674700919077917,0.9789033419437472,0.9789033419437472,0.9789033419437472,0.9789033419437472,0.09957290570818342,0.09957290570818342,11.464790889459206,-20.39627072418789,7.299457386559151
NIWO,NIWO_Bw1_PRE_FLF,NA,NA,31.18291473388672,31.18291473388672,31.18291473388672,31.18291473388672,1.6783493757247925,1.6783493757247925,21.667152662851894,NA,0.5121876736931581
NIWO,NIWO_Bw1_PRE_OCC,NA,NA,NA,NA,NA,NA,NA,NA,NA,NA,NA
NIWO,NIWO_Bw1_PRE_HF,NA,NA,0.5142537951469421,0.5142537951469421,0.5142537951469421,0.5142537951469421,0.02375777458522448,0.06518392638903468,13.485578383846857,-23.96677105600786,9.223489535454707
STER,STER_Bkt2_PRE_BULK,0.9808197739186829,0.017573811101091092,0.9391092495155265,0.9391092495155265,0.2114914304823463,0.2114914304823463,0.024191800563054082,0.06637475835388415,5.446561487219236,NA,NA
NIWO,NIWO_Bw2_PRE_FLF,NA,NA,34.52168273925781,34.52168273925781,34.52168273925781,34.52168273925781,0.6994155805920407,1.9189782930683008,30.75066300973555,-27.259670690483496,1.520380734531412
NIWO,NIWO_Bw2_PRE_OCC,NA,NA,NA,NA,NA,NA,NA,NA,NA,NA,NA
NIWO,NIWO_Bw2_PRE_HF,NA,NA,0.4060051143169403,0.4060051143169403,0.4060051143169403,0.4060051143169403,0.02298923296348423,0.0630752877908058,11.002841394561214,-24.20986455820641,NA
KONZ,KONZ_Bt1_PRE_BULK,0.9750886301899915,0.07441607265873032,0.42012251994852706,0.42012251994852706,0.42012251994852706,0.42012251994852706,0.025355643739206634,0.06956798117240057,10.322838915216563,-16.20865693490352,NA
OAES,OAES_Ak_PRE_FLF,NA,NA,25.259410858154297,25.259410858154297,25.259410858154297,25.259410858154297,1.3820220232009888,1.3820220232009888,21.314530004404954,-19.18050397214389,0.5998719771677332
OAES,OAES_Ak_PRE_OCC,NA,NA,38.24028778076172,38.24028778076172,38.24028778076172,38.24028778076172,3.179666519165039,3.179666519165039,14.025136137081475,-20.17035325345625,1.6393524127980257
OAES,OAES_Ak_PRE_HF,NA,NA,NA,NA,1.1103432178497312,1.1103432178497312,0.1529062390327454,0.1529062390327454,8.468364548087813,-16.481095622397646,4.935973423467958
STEI,STEI_Bs1_PRE_BULK,0.9639296963435261,0.051012569409208126,1.164819346105351,1.164819346105351,1.164819346105351,1.164819346105351,0.06882341069584133,0.06882341069584133,19.73739766685703,-25.736495983859513,4.226337603491683
OAES,OAES_Bk1_PRE_FLF,NA,NA,31.329153060913086,31.329153060913086,31.329153060913086,31.329153060913086,1.5164415836334226,1.5164415836334226,24.09297760317304,-16.23957776252398,1.3335922272938399
OAES,OAES_Bk1_PRE_OCC,NA,NA,NA,NA,NA,NA,NA,NA,NA,NA,NA
OAES,OAES_Bk1_PRE_HF,NA,NA,NA,NA,0.47965157032012934,0.47965157032012934,0.09087634831666945,0.09087634831666945,6.155204842594784,-15.437853844665169,5.489867459971991
STER,STER_Ap1_PRE_BULK,0.9527518190459373,0.08965200550857386,1.0104913880905169,1.0104913880905169,1.0104913880905169,1.0104913880905169,0.11184774855764217,0.11184774855764217,10.535930027920225,-19.897035273153662,4.288325101269585
OAES,OAES_Bk2_PRE_FLF,NA,NA,NA,NA,NA,NA,NA,NA,NA,NA,NA
OAES,OAES_Bk2_PRE_OCC,NA,NA,NA,NA,NA,NA,NA,NA,NA,NA,NA
OAES,OAES_Bk2_PRE_HF,NA,NA,NA,NA,0.06393997808917465,0.16656155467918468,0.02429984772494656,0.06667120607974664,2.95486810020279,NA,4.146679462825758
WREF,WREF_Bw1_PRE_BULK,0.8954990474700938,0.04252483851114913,0.7630515677134205,0.7630515677134205,0.7630515677134205,0.7630515677134205,0.024975321811414358,0.06852449637728994,19.03446285544825,-25.46520992338926,9.209626720737546
ONAQ,ONAQ_Ak_PRE_FLF,NA,NA,21.82598304748535,21.82598304748535,21.82598304748535,21.82598304748535,1.4759845733642578,1.4759845733642578,17.244853237489632,-21.477510713296972,6.848010269722811
ONAQ,ONAQ_Ak_PRE_OCC,NA,NA,NA,NA,NA,NA,NA,NA,NA,NA,NA
ONAQ,ONAQ_Ak_PRE_HF,NA,NA,NA,NA,0.6292914152145386,0.6292914152145386,0.0864226222038269,0.0864226222038269,8.491645887633936,-21.507402938315046,10.750579851468048
CPER,CPER_A1_PRE_BULK,0.7716585442589536,0.0719521947147706,0.9692609765980371,0.9692609765980371,0.9692609765980371,0.9692609765980371,0.09220572489005471,0.09220572489005471,12.258867442946254,-19.753384959530997,3.600276101575983
ONAQ,ONAQ_Bk1_PRE_FLF,NA,NA,22.726533889770508,22.726533889770508,22.726533889770508,22.726533889770508,1.5658674240112307,1.5658674240112307,16.925664307571008,-23.62803195145734,5.86863415032577
ONAQ,ONAQ_Bk1_PRE_OCC,NA,NA,NA,NA,NA,NA,NA,NA,NA,NA,NA
ONAQ,ONAQ_Bk1_PRE_HF,NA,NA,NA,NA,0.2897758185863495,0.2897758185863495,0.02365945643221583,0.06491417203029068,7.630538858717124,NA,9.536312230929177
LENO,LENO_Bg_PRE_BULK,0.7696893615482059,0.06355226282135669,0.7739905686988265,0.7739905686988265,0.7739905686988265,0.7739905686988265,0.07956696874346614,0.07956696874346614,11.344108276694582,-24.514538575836855,8.523596476130294
ONAQ,ONAQ_Bk2_PRE_FLF,NA,NA,15.48321056365967,15.48321056365967,15.48321056365967,15.48321056365967,0.4336376599670652,1.1897665417023466,22.244971695222805,-24.049910539170817,5.133164224096728
ONAQ,ONAQ_Bk2_PRE_OCC,NA,NA,NA,NA,NA,NA,NA,NA,NA,NA,NA
ONAQ,ONAQ_Bk2_PRE_HF,NA,NA,NA,NA,0.20821033418178558,0.20821033418178558,0.02331858358183285,0.06397892320436725,5.562857613369358,NA,8.810939066902826
JORN,JORN_Bk1_PRE_BULK,0.7674298243964368,0.0167361214960485,0.7705039789727631,0.7705039789727631,0.24013576891895932,0.24013576891895932,0.023229964333541533,0.0637357796162946,6.440300636913634,NA,NA
ORNL,ORNL_A_PRE_FLF,NA,NA,26.058149337768555,26.058149337768555,26.058149337768555,26.058149337768555,0.6412610485004033,1.7594203881200996,25.31666748584602,-29.656553627597212,1.16892058076348
ORNL,ORNL_A_PRE_OCC,NA,NA,24.049959182739258,24.049959182739258,24.049959182739258,24.049959182739258,0.6739822867523301,1.8491972642294536,22.23124016991851,-29.486875590182557,NA
ORNL,ORNL_A_PRE_HF,NA,NA,1.5125097036361694,1.5125097036361694,1.5125097036361694,1.5125097036361694,0.0901586040854454,0.0901586040854454,19.5640380181485,-26.764715639987735,5.475020508290384
MOAB,MOAB_Bk1_PRE_BULK,0.7458145067711511,0.025016994077004195,0.6940243811893071,0.6940243811893071,0.3222693543207215,0.3222693543207215,0.02660221410999745,0.07298818162075886,7.547429308985788,NA,NA
ORNL,ORNL_Bt1_PRE_FLF,NA,NA,39.517215728759766,39.517215728759766,39.517215728759766,39.517215728759766,0,0.7324026761712702,125.84440694647895,-28.555063264527774,NA
ORNL,ORNL_Bt1_PRE_OCC,NA,NA,NA,NA,NA,NA,NA,NA,NA,NA,NA
ORNL,ORNL_Bt1_PRE_HF,NA,NA,0.06306646290201416,0.16428607614513807,0.06306646290201416,0.16428607614513807,0,0.023967875668218223,11.062104914071465,NA,NA
DSNY,DSNY_Bh2_PRE_BULK,0.7307303966595091,0.02324398523763111,0.6685189610065271,0.6685189610065271,0.6685189610065271,0.6685189610065271,0.0253865294012034,0.06965272179955198,16.406208509032226,-22.939861589168814,NA
ORNL,ORNL_Bt2_PRE_FLF,NA,NA,NA,NA,NA,NA,NA,NA,NA,NA,NA
ORNL,ORNL_Bt2_PRE_OCC,NA,NA,NA,NA,NA,NA,NA,NA,NA,NA,NA
ORNL,ORNL_Bt2_PRE_HF,NA,NA,0.06132687483697533,0.15975450604966318,0.06132687483697533,0.15975450604966318,0,0.02330675994144048,11.062104914071462,NA,NA
NIWO,NIWO_Bw1_PRE_BULK,0.7253075437570999,0.05699616386776875,0.7312069368110127,0.7312069368110127,0.7312069368110127,0.7312069368110127,0.023611817262570924,0.06478346500147245,19.29339780575993,-24.792077853268875,7.736036324053771
OSBS,OSBS_A_PRE_FLF,NA,NA,26.96122741699219,26.96122741699219,26.96122741699219,26.96122741699219,0.5068988967413863,1.3907725344116537,33.13722551303811,-26.355200871924385,NA
OSBS,OSBS_A_PRE_OCC,NA,NA,42.348915100097656,42.348915100097656,42.348915100097656,42.348915100097656,0,0.7133083792133599,138.47215990769945,-25.36387992229816,NA
OSBS,OSBS_A_PRE_HF,NA,NA,0.19737952947616577,0.19737952947616577,0.19737952947616577,0.19737952947616577,0,0.02263244571853159,20.340804468262284,NA,NA
OSBS,OSBS_A_PRE_BULK,0.7177982440710363,0.01731316100323974,1.0128801841783148,1.0128801841783148,1.0128801841783148,1.0128801841783148,0.021865080569527216,0.059990964104052594,28.86056456360174,-25.804738941075257,NA
OSBS,OSBS_Bw1_PRE_FLF,NA,NA,41.10904312133788,41.10904312133788,41.10904312133788,41.10904312133788,0,0.8832742497407555,108.55236795945686,-26.023278135255218,NA
OSBS,OSBS_Bw1_PRE_OCC,NA,NA,27.722929000854492,27.722929000854492,27.722929000854492,27.722929000854492,0,0.5247213693665401,123.2275643659944,-24.83270347772585,NA
OSBS,OSBS_Bw1_PRE_HF,NA,NA,0.05615498948551552,0.14628191361992804,0.05615498948551552,0.14628191361992804,0,0.021341228669032482,11.062104914071462,NA,NA
SOAP,SOAP_Bt1_PRE_BULK,0.7112711153017988,0.030979202186510645,0.568926862717916,0.568926862717916,0.568926862717916,0.568926862717916,0.023452341580836627,0.06434591345127487,15.113604692714834,-26.00276821861137,NA
OSBS,OSBS_Bw3_PRE_FLF,NA,NA,NA,NA,NA,NA,NA,NA,NA,NA,NA
OSBS,OSBS_Bw3_PRE_OCC,NA,NA,22.780344009399414,22.780344009399414,22.780344009399414,22.780344009399414,0,0.3984534670293769,133.34605483320846,-26.391309706473873,NA
OSBS,OSBS_Bw3_PRE_HF,NA,NA,0,0.05692032611417244,0,0.05692032611417244,0,0.021632088379818587,3.0685728521236624,NA,NA
GRSM,GRSM_Bt1_PRE_BULK,0.6798554548239099,0.05624856390250037,0.7192687806105003,0.7192687806105003,0.7192687806105003,0.7192687806105003,0.06976327757804823,0.06976327757804823,12.023525858567899,-26.022115529852684,9.368502802968987
RMNP,RMNP_A1_PRE_FLF,NA,NA,31.197011947631836,31.197011947631836,31.197011947631836,31.197011947631836,0.5068988967413863,1.3907725344116537,38.3432995928844,-25.326565130442134,0.8161514415860194
RMNP,RMNP_A1_PRE_OCC,NA,NA,42.86595153808594,42.86595153808594,42.86595153808594,42.86595153808594,0.759009114209196,2.0824843695582684,35.18546600746827,-25.428027295680113,NA
RMNP,RMNP_A1_PRE_HF,NA,NA,0.8437533378601074,0.8437533378601074,0.8437533378601074,0.8437533378601074,0.0233940636166349,0.06418601688709959,22.470237719427743,-25.6978951885644,4.5256249309648595
HARV,HARV_Bw3_PRE_BULK,0.6753383955872645,0.03319375322893334,0.9755788745849998,0.9755788745849998,0.9755788745849998,0.9755788745849998,0.025985719532323242,0.07129671270702706,23.389744099537516,-26.17264020614779,5.487371672115798
RMNP,RMNP_Bt_PRE_FLF,NA,NA,32.08768081665039,32.08768081665039,32.08768081665039,32.08768081665039,0.5957178843508154,1.6344641448995432,33.55795753530979,-25.478195871912448,NA
RMNP,RMNP_Bt_PRE_OCC,NA,NA,30.261709213256836,30.261709213256836,30.261709213256836,30.261709213256836,0,0.5402631870769736,130.6428303459344,-25.2376119808493,NA
RMNP,RMNP_Bt_PRE_HF,NA,NA,0.29606372117996216,0.29606372117996216,0.29606372117996216,0.29606372117996216,0.023397397868483993,0.06419516503463817,7.8834344861318675,NA,NA
LENO,LENO_Btg3_PRE_BULK,0.6655421216757045,0.0679794616705131,0.6827469209370092,0.6827469209370092,0.6827469209370092,0.6827469209370092,0.09032293255663047,0.09032293255663047,8.815140285440165,-24.949150569485035,3.547815890195767
RMNP,RMNP_B/C_PRE_FLF,NA,NA,34.46213912963867,34.46213912963867,34.46213912963867,34.46213912963867,0.7019791074604294,1.9260118115523632,30.58552040927968,-25.864389913562825,NA
RMNP,RMNP_B/C_PRE_OCC,NA,NA,40.00892639160156,40.00892639160156,40.00892639160156,40.00892639160156,0,0.6897597832609381,135.28714494686423,-27.234493877979634,NA
RMNP,RMNP_B/C_PRE_HF,NA,NA,0.05614352013363293,0.14625203633285633,0.05614352013363293,0.14625203633285633,0,0.02133686983888302,11.062104914071462,NA,NA
WREF,WREF_Bw2_PRE_BULK,0.5949348263174272,0.028953744415824316,0.6105011115466178,0.6105011115466178,0.6105011115466178,0.6105011115466178,0.026326466546669584,0.07223161627809845,14.447467136113369,-24.03952117334795,NA
SCBI,SCBI_A_PRE_FLF,NA,NA,NA,NA,NA,NA,NA,NA,NA,NA,NA
SCBI,SCBI_A_PRE_OCC,NA,NA,36.50279235839844,36.50279235839844,36.50279235839844,36.50279235839844,2.5714597702026367,2.5714597702026367,16.55441587404989,-27.616626846803126,1.968395259296279
SCBI,SCBI_A_PRE_HF,NA,NA,2.8419952392578125,2.8419952392578125,2.8419952392578125,2.8419952392578125,0.24037641286849976,0.24037641286849976,13.787927897390023,NA,2.1545024988762735
SJER,SJER_A_PRE_BULK,0.5622177918448353,0.040542232908271476,0.5694386010685628,0.5694386010685628,0.5694386010685628,0.5694386010685628,0.023028736028293233,0.06318367188458587,15.405458619595233,-28.006290962922712,2.9248256428168427
SCBI,SCBI_Bt1_PRE_FLF,NA,NA,19.50101661682129,19.50101661682129,19.50101661682129,19.50101661682129,0,0.6348838668026092,71.64080616397034,-28.741880416010744,NA
SCBI,SCBI_Bt1_PRE_OCC,NA,NA,36.99729919433594,36.99729919433594,36.99729919433594,36.99729919433594,0.6799643780548656,1.865610257698946,33.898594339166486,-27.96557232890689,2.217198380092252
SCBI,SCBI_Bt1_PRE_HF,NA,NA,0.2373008728027344,0.2373008728027344,0.2373008728027344,0.2373008728027344,0.02239165625317075,0.06143572360699959,6.6025385686519185,NA,NA
KONA,KONA_Btk_PRE_BULK,0.5615184160814299,0.03904153182991282,0.5846787108206511,0.5846787108206511,0.418240064109181,0.418240064109181,0.024175918746687876,0.06633118360132367,10.778056967986842,-17.845209980772864,6.081396060568595
SCBI,SCBI_Bt2_PRE_FLF,NA,NA,22.493776321411133,22.493776321411133,22.493776321411133,22.493776321411133,0.5084689375720013,1.3950802369518667,27.56105100925424,-28.525249693101028,NA
SCBI,SCBI_Bt2_PRE_OCC,NA,NA,47.0411376953125,47.0411376953125,47.0411376953125,47.0411376953125,0.8267192797933259,2.2682599536051935,35.45010945559329,-27.276310641107596,NA
SCBI,SCBI_Bt2_PRE_HF,NA,NA,0.42325806617736816,0.42325806617736816,0.42325806617736816,0.42325806617736816,0.022687853877842504,0.06224839754217608,11.622770343813166,-26.054343551505497,6.964970721776128
KONZ,KONZ_Bt2_PRE_BULK,0.48478410731662414,0.04725875324484979,0.5037034414708615,0.5037034414708615,0.5037034414708615,0.5037034414708615,0.027354532681814918,0.07505230922793603,11.472113840934634,-15.896207941821668,5.013624790964957
SERC,SERC_A_PRE_FLF,NA,NA,28.293777465820312,28.293777465820312,28.293777465820312,28.293777465820312,0.5556768853543147,1.5246041274232198,31.72242880638557,-29.00154081970991,-0.23932837607508706
SERC,SERC_A_PRE_OCC,NA,NA,37.946735382080085,37.946735382080085,37.946735382080085,37.946735382080085,0.7580077829239596,2.0797370287013317,31.188794124100962,-29.11551404123705,4.289026872410605
SERC,SERC_A_PRE_HF,NA,NA,2.46572208404541,2.46572208404541,2.46572208404541,2.46572208404541,0.17958295345306396,0.17958295345306396,16.012034700561802,-27.348543778144204,5.92974978204172
TREE,TREE_Bs2_PRE_BULK,0.4829896593442211,0.022998800106927172,0.5162472880118854,0.5162472880118854,0.5162472880118854,0.5162472880118854,0.02464826099254256,0.06762714345959135,13.048762568831233,-25.561485237945515,NA
SERC,SERC_Bt1_PRE_FLF,NA,NA,44.26728820800781,44.26728820800781,44.26728820800781,44.26728820800781,0,0.795252455994964,129.83010318151392,-28.717494909463547,NA
SERC,SERC_Bt1_PRE_OCC,NA,NA,65.97633361816406,65.97633361816406,65.97633361816406,65.97633361816406,0,2.12803666465319,72.31136746723351,-27.558776674549808,NA
SERC,SERC_Bt1_PRE_HF,NA,NA,0.2613723576068878,0.2613723576068878,0.2613723576068878,0.2613723576068878,0.023651178276343932,0.06489145935149769,6.885012026725146,NA,NA
NIWO,NIWO_Bw2_PRE_BULK,0.4698643366238678,0.02865947801672491,0.5474552119062633,0.5474552119062633,0.5474552119062633,0.5474552119062633,0.025095796048651,0.06885504012344924,13.59081335065379,-24.468969432022554,4.613498171213698
SERC,SERC_Btg3_PRE_FLF,NA,NA,NA,NA,NA,NA,NA,NA,NA,NA,NA
SERC,SERC_Btg3_PRE_OCC,NA,NA,4.488505840301514,4.488505840301514,4.488505840301514,4.488505840301514,0,0.21085133925004088,49.65042083514404,-28.255363934871568,NA
SERC,SERC_Btg3_PRE_HF,NA,NA,0.1688033938407898,0.1688033938407898,0.1688033938407898,0.1688033938407898,0.02400342145867742,0.06585790482331158,4.38132886698212,NA,NA
SCBI,SCBI_Bt1_PRE_BULK,0.44326800289275325,0.0256246812239833,0.4038015539073835,0.4038015539073835,0.4038015539073835,0.4038015539073835,0.0234133497212511,0.06423893194524714,10.744897164016537,-25.450533963336753,NA
SJER,SJER_A_PRE_FLF,NA,NA,33.15753936767578,33.15753936767578,33.15753936767578,33.15753936767578,0.5923401025323314,1.6251965646965045,34.87458010929603,-28.12814281900737,0.07765573736355913
SJER,SJER_A_PRE_OCC,NA,NA,24.861808776855472,24.861808776855472,24.861808776855472,24.861808776855472,0.6016438737762947,1.6507232123095386,25.744890711580705,-27.458556223795814,1.7764907436224753
SJER,SJER_A_PRE_HF,NA,NA,0.46522802114486694,0.46522802114486694,0.46522802114486694,0.46522802114486694,0.023084367193907652,0.0633363064586424,12.555838491520682,-27.72582344836392,3.9982284033521585
RMNP,RMNP_Bt_PRE_BULK,0.4432005497495449,0.01993933504699631,0.5472619732793541,0.5472619732793541,0.5472619732793541,0.5472619732793541,0.022011985484870166,0.060394025390519114,15.489374633704633,-24.81997098943023,NA
SJER,SJER_Bw1_PRE_FLF,NA,NA,NA,NA,NA,NA,NA,NA,NA,NA,NA
SJER,SJER_Bw1_PRE_OCC,NA,NA,NA,NA,NA,NA,NA,NA,NA,NA,NA
SJER,SJER_Bw1_PRE_HF,NA,NA,0,0.05885016667647078,0,0.05885016667647078,0,0.022365507958597174,3.0685728521236633,NA,NA
JORN,JORN_Ak_PRE_BULK,0.39902683816932766,0.025456075075078577,0.42212530086866834,0.42212530086866834,0.30947850310361774,0.30947850310361774,0.022861771162412517,0.0627255723480286,8.433705738430936,NA,NA
SOAP,SOAP_A_PRE_FLF,NA,NA,20.424875259399414,20.424875259399414,20.424875259399414,20.424875259399414,0,0.7045614953480827,67.61421510404381,-26.66866950173679,NA
SOAP,SOAP_A_PRE_OCC,NA,NA,13.989646911621092,13.989646911621092,13.989646911621092,13.989646911621092,0,0.7286872535908199,44.77783417697936,-26.540014917691394,NA
SOAP,SOAP_A_PRE_HF,NA,NA,0,0.05814849161225132,0,0.05814849161225132,0,0.02209884228678313,3.0685728521236637,NA,NA
UNDE,UNDE_Bs1_PRE_BULK,0.3971885835756104,0.020372267665107097,0.7112261696515808,0.7112261696515808,0.7112261696515808,0.7112261696515808,0.02405467217015665,0.06599852079693586,18.42069939177017,-27.966933628452388,NA
SOAP,SOAP_Bt1_PRE_FLF,NA,NA,39.8087043762207,39.8087043762207,39.8087043762207,39.8087043762207,0,1.0659923923123589,87.10065903230489,-27.585794169008743,NA
SOAP,SOAP_Bt1_PRE_OCC,NA,NA,39.742000579833984,39.742000579833984,39.742000579833984,39.742000579833984,0,1.1619209291331878,79.7757055716182,-28.134390082630453,NA
SOAP,SOAP_Bt1_PRE_HF,NA,NA,0.2212825417518616,0.2212825417518616,0.2212825417518616,0.2212825417518616,0,0.023219636268189993,22.22742953531281,NA,NA
MLBS,MLBS_Bg_PRE_BULK,0.38810452521033467,0.026585447666544155,0.40453427166286515,0.40453427166286515,0.40453427166286515,0.40453427166286515,0.024290740847486482,0.06664621964729008,10.375580145826463,-24.971704998636465,NA
SOAP,SOAP_Bt3_PRE_FLF,NA,NA,36.91123962402344,36.91123962402344,36.91123962402344,36.91123962402344,0,0.8839536914713252,97.39274803875203,-27.822918029875513,NA
SOAP,SOAP_Bt3_PRE_OCC,NA,NA,NA,NA,NA,NA,NA,NA,NA,NA,NA
SOAP,SOAP_Bt3_PRE_HF,NA,NA,0.15987905859947205,0.15987905859947205,0.15987905859947205,0.15987905859947205,0,0.022927769331858,16.263996857917924,NA,NA
MOAB,MOAB_A_PRE_BULK,0.37786564943759815,0.03166555614150079,0.37982718734180254,0.37982718734180254,0.37982718734180254,0.37982718734180254,0.023560982488522824,0.06464399023048041,10.043624806799224,-19.893612991580312,NA
SRER,SRER_Ak1_PRE_FLF,NA,NA,26.060905456542972,26.060905456542972,26.060905456542972,26.060905456542972,2.174386501312256,2.174386501312256,13.977202747364018,-19.550163412520682,1.7403301849228856
SRER,SRER_Ak1_PRE_OCC,NA,NA,24.855222702026364,24.855222702026364,24.855222702026364,24.855222702026364,1.8580071926116943,1.8580071926116943,15.600473329386904,-21.49923962569924,4.877021058718689
SRER,SRER_Ak1_PRE_HF,NA,NA,NA,NA,0.29031991958618164,0.29031991958618164,0.02376219600729369,0.0651960573927051,7.61181265340197,NA,7.22243026170798
CLBJ,CLBJ_Bt1_PRE_BULK,0.2659184534696897,0.02751931234368586,0.2715864241626,0.2715864241626,0.2715864241626,0.2715864241626,0.02226822833071932,0.0610970758694952,7.59836620919965,NA,NA
SRER,SRER_Bw_PRE_FLF,NA,NA,NA,NA,NA,NA,NA,NA,NA,NA,NA
SRER,SRER_Bw_PRE_OCC,NA,NA,NA,NA,NA,NA,NA,NA,NA,NA,NA
SRER,SRER_Bw_PRE_HF,NA,NA,3.08028244972229,3.08028244972229,3.08028244972229,3.08028244972229,0.0212843081850847,0.0583975057512728,90.16309940902445,NA,NA
CLBJ,CLBJ_Bt4_PRE_BULK,0.25135135630283206,0.018409764720902097,0.22427385798693217,0.22427385798693217,0.22427385798693217,0.22427385798693217,0.02432387183799067,0.06673712075582927,5.744388142945475,NA,NA
SRER,SRER_Ck_PRE_FLF,NA,NA,NA,NA,NA,NA,NA,NA,NA,NA,NA
SRER,SRER_Ck_PRE_OCC,NA,NA,NA,NA,NA,NA,NA,NA,NA,NA,NA
SRER,SRER_Ck_PRE_HF,NA,NA,NA,NA,0.06115941674427728,0.15931828318727032,0,0.023243118910046982,11.062104914071462,NA,NA
SERC,SERC_Bt1_PRE_BULK,0.2412626508655755,0.022841171272422953,0.25434488160454705,0.25434488160454705,0.25434488160454705,0.25434488160454705,0.022786111771241388,0.0625179865673383,6.954254955689858,NA,NA
STEI,STEI_A1_PRE_FLF,NA,NA,32.686798095703125,32.686798095703125,32.686798095703125,32.686798095703125,0.5717113427426482,1.5685976793588154,35.61995786407747,-27.954749906682167,0.4083895383107219
STEI,STEI_A1_PRE_OCC,NA,NA,35.51217269897461,35.51217269897461,35.51217269897461,35.51217269897461,1.756038308143616,1.756038308143616,23.583636136860225,-27.482671099687302,1.6439820675490817
STEI,STEI_A1_PRE_HF,NA,NA,2.249218463897705,2.249218463897705,2.249218463897705,2.249218463897705,0.15629304945468903,0.15629304945468903,16.782609235621692,-26.596465720797063,2.7757542827468136
CPER,CPER_Bw1_PRE_BULK,0.22225679507732599,0.021453811649909706,0.22860229511842445,0.22860229511842445,0.22860229511842445,0.22860229511842445,0.022411547778476107,0.06149029975076333,6.354868457211277,NA,NA
STEI,STEI_Bs1_PRE_FLF,NA,NA,37.69245147705078,37.69245147705078,37.69245147705078,37.69245147705078,0.5688810885706549,1.5608323443124845,41.27914728830203,-26.88868162212026,NA
STEI,STEI_Bs1_PRE_OCC,NA,NA,27.090425491333008,27.090425491333008,27.090425491333008,27.090425491333008,0,0.7817277543623965,80.82724908126106,-27.315020496398418,NA
STEI,STEI_Bs1_PRE_HF,NA,NA,0.3872305154800415,0.3872305154800415,0.3872305154800415,0.3872305154800415,0.023337526379218577,0.06403089633450891,10.337430008746159,-26.402840966846604,NA
BLAN,BLAN_Bt1_PRE_BULK,0.21726018304930256,0.024128640828286713,0.21720418493155724,0.21720418493155724,0.21720418493155724,0.21720418493155724,0.022430935582551537,0.06154349384051969,6.032795865764948,NA,NA
STEI,STEI_BC2_PRE_FLF,NA,NA,NA,NA,NA,NA,NA,NA,NA,NA,NA
STEI,STEI_BC2_PRE_OCC,NA,NA,NA,NA,NA,NA,NA,NA,NA,NA,NA
STEI,STEI_BC2_PRE_HF,NA,NA,0,0.06215255013025835,0,0.06215255013025835,0,0.02362055085123788,3.068572852123663,NA,NA
DELA,DELA_Btg1_PRE_BULK,0.2121851451244263,0.02333500685531257,0.23636375224851972,0.23636375224851972,0.23636375224851972,0.23636375224851972,0.024808027632400195,0.06806549330816597,5.935898530620849,NA,NA
STER,STER_Ap1_PRE_FLF,NA,NA,22.751981735229492,22.751981735229492,22.751981735229492,22.751981735229492,1.4602545499801638,1.4602545499801638,18.17013565809418,-23.516570128093,1.7886251291964839
STER,STER_Ap1_PRE_OCC,NA,NA,39.199588775634766,39.199588775634766,39.199588775634766,39.199588775634766,2.3854920864105225,2.3854920864105225,19.16333264668521,-23.034105208858726,4.1810335528719955
STER,STER_Ap1_PRE_HF,NA,NA,0.6624007225036621,0.6624007225036621,0.6624007225036621,0.6624007225036621,0.08358713239431381,0.08358713239431381,9.241636419957711,-18.15231398716708,7.761648953058481
RMNP,RMNP_B/C_PRE_BULK,0.20446109094673762,0.012916904378391995,0.20458276548995566,0.20458276548995566,0.20458276548995566,0.20458276548995566,0,0.024378272567182415,19.57328048775189,NA,NA
STER,STER_Bkt1_PRE_FLF,NA,NA,17.364791870117188,17.364791870117188,17.364791870117188,17.364791870117188,1.8753802776336668,1.8753802776336668,10.798109951674054,-19.643440893221545,3.5468159463917877
STER,STER_Bkt1_PRE_OCC,NA,NA,43.1249771118164,43.1249771118164,43.1249771118164,43.1249771118164,2.8606114387512207,2.8606114387512207,17.58075469057344,-21.53222306790765,4.140488524336556
STER,STER_Bkt1_PRE_HF,NA,NA,NA,NA,NA,NA,NA,NA,NA,NA,NA
GRSM,GRSM_Bt2_PRE_BULK,0.20170897016049322,0.013370961938035626,0.23044639461212996,0.23044639461212996,0.23044639461212996,0.23044639461212996,0.02478630784902524,0.06800590099426385,5.792364832786838,NA,NA
STER,STER_Bkt2_PRE_FLF,NA,NA,NA,NA,NA,NA,NA,NA,NA,NA,NA
STER,STER_Bkt2_PRE_OCC,NA,NA,44.16612243652344,44.16612243652344,44.16612243652344,44.16612243652344,0.7500912525539966,2.05801653753996,36.683688831128094,-24.1216859377867,6.677898347071826
STER,STER_Bkt2_PRE_HF,NA,NA,NA,NA,NA,NA,NA,NA,NA,NA,NA
OSBS,OSBS_Bw1_PRE_BULK,0.18870516999556158,0.006371095182529214,0.16032702129457685,0.16032702129457685,0.16032702129457685,0.16032702129457685,0,0.021893881341156367,17.079748329340077,NA,NA
TALL,TALL_A1_PRE_FLF,NA,NA,40.72727584838867,40.72727584838867,40.72727584838867,40.72727584838867,0,1.092338211894223,86.9612430312291,-28.589401563907273,NA
TALL,TALL_A1_PRE_OCC,NA,NA,31.746471405029297,31.746471405029297,31.746471405029297,31.746471405029297,0,0.809253379516002,91.4973344678029,-28.4090832813633,NA
TALL,TALL_A1_PRE_HF,NA,NA,0.8073785901069641,0.8073785901069641,0.8073785901069641,0.8073785901069641,0.022850264444476496,0.06269400150151558,22.013232869992137,-26.980198791094992,NA
DEJU,DEJU_2BC1_PRE_BULK,0.18748072188558723,0.012523229732211226,0.2365915544720161,0.2365915544720161,0.2365915544720161,0.2365915544720161,0,0.023515389768091203,23.46629679830127,NA,NA
TALL,TALL_Bt1_PRE_FLF,NA,NA,33.87151336669922,33.87151336669922,33.87151336669922,33.87151336669922,0,0.558105778976553,141.55186144817407,-27.121243367921572,NA
TALL,TALL_Bt1_PRE_OCC,NA,NA,NA,NA,NA,NA,NA,NA,NA,NA,NA
TALL,TALL_Bt1_PRE_HF,NA,NA,0.06283971827251898,0.16369541379065305,0.06283971827251898,0.16369541379065305,0,0.02388170329009358,11.062104914071464,NA,NA
CPER,CPER_Btk3_PRE_BULK,0.15315758415442082,0.019925403224919695,0.06801402387204063,0.17717431088754537,0.0663249222713768,0.17277425638290836,0.02584815435730159,0.07091927675610753,2.881485110141901,NA,NA
TALL,TALL_Bt3_PRE_FLF,NA,NA,NA,NA,NA,NA,NA,NA,NA,NA,NA
TALL,TALL_Bt3_PRE_OCC,NA,NA,NA,NA,NA,NA,NA,NA,NA,NA,NA
TALL,TALL_Bt3_PRE_HF,NA,NA,0,0.06311253525019973,0,0.06311253525019973,0,0.023985385074362823,3.0685728521236637,NA,NA
BART,BART_Bgs1_PRE_BULK,0.14545427235357605,0.00822047971508986,0.17627403130926245,0.17627403130926245,0.17627403130926245,0.17627403130926245,0,0.024458172797934233,16.8097723095791,NA,NA
TOOL,TOOL_Oaef_PRE_FLF,NA,NA,NA,NA,NA,NA,NA,NA,NA,NA,NA
TOOL,TOOL_Oaef_PRE_OCC,NA,NA,NA,NA,NA,NA,NA,NA,NA,NA,NA
TOOL,TOOL_Oaef_PRE_HF,NA,NA,NA,NA,NA,NA,NA,NA,NA,NA,NA
TREE,TREE_BC1_PRE_BULK,0.1437151422091405,0.0042089830048346755,0.16817479615274,0.16817479615274,0.16817479615274,0.16817479615274,0,0.022702493340971405,17.27765732129756,NA,NA
TOOL,TOOL_Af_PRE_FLF,NA,NA,NA,NA,NA,NA,NA,NA,NA,NA,NA
TOOL,TOOL_Af_PRE_OCC,NA,NA,NA,NA,NA,NA,NA,NA,NA,NA,NA
TOOL,TOOL_Af_PRE_HF,NA,NA,NA,NA,NA,NA,NA,NA,NA,NA,NA
DELA,DELA_Btg3_PRE_BULK,0.1387447201691657,0.02196189957797788,0.0599739401273875,0.15623015531726073,0.0599739401273875,0.15623015531726073,0.022792588551219982,0.06253575683230349,2.95486810020279,NA,NA
TOOL,TOOL_BCfjj_PRE_FLF,NA,NA,NA,NA,NA,NA,NA,NA,NA,NA,NA
TOOL,TOOL_BCfjj_PRE_OCC,NA,NA,NA,NA,NA,NA,NA,NA,NA,NA,NA
TOOL,TOOL_BCfjj_PRE_HF,NA,NA,NA,NA,NA,NA,NA,NA,NA,NA,NA
ORNL,ORNL_Bt1_PRE_BULK,0.1288802563324827,0.010008489882695105,0.05800710975214069,0.15110662642529796,0.05800710975214069,0.15110662642529796,0,0.022045111306973182,11.062104914071462,NA,NA
TREE,TREE_A1_PRE_FLF,NA,NA,38.92338562011719,38.92338562011719,38.92338562011719,38.92338562011719,0.8208141420805164,2.2520580967937276,29.543613160934516,-27.688719339820473,0.47277229963533074
TREE,TREE_A1_PRE_OCC,NA,NA,34.25336837768555,34.25336837768555,34.25336837768555,34.25336837768555,1.7263695001602173,1.7263695001602173,23.138597843460516,-26.661932202817475,2.6310578112502485
TREE,TREE_A1_PRE_HF,NA,NA,1.6216397285461426,1.6216397285461426,1.6216397285461426,1.6216397285461426,0.11277373135089874,0.11277373135089874,16.76926133398355,-25.88028673701919,3.3189486797866996
SERC,SERC_Btg3_PRE_BULK,0.12677055093048678,0.02167560506259673,0.06605053440729322,0.17205948495832132,0.06605053440729322,0.17205948495832132,0.025101946797825164,0.06887191586153522,2.9548681002027903,NA,NA
TREE,TREE_Bs2_PRE_FLF,NA,NA,39.530303955078125,39.530303955078125,39.530303955078125,39.530303955078125,0.4848691134652839,1.330329677430894,50.79295308127319,NA,1.9133309744533176
TREE,TREE_Bs2_PRE_OCC,NA,NA,46.09706497192383,46.09706497192383,46.09706497192383,46.09706497192383,0.6245324994090885,1.7135224649517493,45.98498625634978,-25.753957129719147,NA
TREE,TREE_Bs2_PRE_HF,NA,NA,0.35602882504463196,0.35602882504463196,0.35602882504463196,0.35602882504463196,0.02339453988014501,0.06418732360568441,9.481312974489825,-26.04010143337186,NA
ABBY,ABBY_BC_PRE_BULK,0.11931990634569473,0.021204328168566444,0.06708213579945514,0.1747467728933917,0.06708213579945514,0.1747467728933917,0,0.02549399817931636,11.062104914071464,NA,NA
TREE,TREE_BC1_PRE_FLF,NA,NA,41.75409698486328,41.75409698486328,41.75409698486328,41.75409698486328,0,1.1725916315435947,83.0519451294306,-27.31973561297579,NA
TREE,TREE_BC1_PRE_OCC,NA,NA,NA,NA,NA,NA,NA,NA,NA,NA,NA
TREE,TREE_BC1_PRE_HF,NA,NA,0.06160801882308616,0.16048687695148012,0.06160801882308616,0.16048687695148012,0,0.023413606334815058,11.062104914071462,NA,NA
SOAP,SOAP_Bt3_PRE_BULK,0.10999762825667869,0.009872901961686118,0.06348089817604798,0.16536566649877713,0.06348089817604798,0.16536566649877713,0,0.024125378287891058,11.06210491407146,NA,NA
UNDE,UNDE_A_PRE_FLF,NA,NA,28.229225158691406,28.229225158691406,28.229225158691406,28.229225158691406,1.1025738716125488,1.1025738716125488,29.85786627823378,NA,1.126170081040531
UNDE,UNDE_A_PRE_OCC,NA,NA,33.41099548339844,33.41099548339844,33.41099548339844,33.41099548339844,1.9560084342956543,1.9560084342956543,19.919856248497375,NA,2.834257147475963
UNDE,UNDE_A_PRE_HF,NA,NA,1.5196166038513184,1.5196166038513184,1.5196166038513184,1.5196166038513184,0.14648285508155823,0.14648285508155823,12.098032349989204,NA,4.081794750538377
SJER,SJER_Bw1_PRE_BULK,0.10029411563811089,0.011173732176169395,0.06035617407991322,0.15722586228004792,0.06035617407991322,0.15722586228004792,0,0.022937853331084706,11.062104914071462,NA,NA
UNDE,UNDE_Bhs_PRE_FLF,NA,NA,32.44459533691406,32.44459533691406,32.44459533691406,32.44459533691406,1.1027443408966064,1.1027443408966064,34.31113081019854,NA,3.4960514412613857
UNDE,UNDE_Bhs_PRE_OCC,NA,NA,NA,NA,NA,NA,NA,NA,NA,NA,NA
UNDE,UNDE_Bhs_PRE_HF,NA,NA,0.8806357383728027,0.8806357383728027,0.8806357383728027,0.8806357383728027,0.07562937587499619,0.07562937587499619,13.579172248260983,-24.83483869821606,5.774436811820316
ORNL,ORNL_Bt2_PRE_BULK,0.0860608738196949,0.01719234569021105,0.06618264364601788,0.17240362521058689,0.06618264364601788,0.17240362521058689,0,0.02515215379632602,11.062104914071462,NA,NA
UNDE,UNDE_Bs1_PRE_FLF,NA,NA,NA,NA,NA,NA,NA,NA,NA,NA,NA
UNDE,UNDE_Bs1_PRE_OCC,NA,NA,NA,NA,NA,NA,NA,NA,NA,NA,NA
UNDE,UNDE_Bs1_PRE_HF,NA,NA,0.4082588255405426,0.4082588255405426,0.4082588255405426,0.4082588255405426,0.056379057466983795,0.056379057466983795,8.444720464206041,-18.392959058952037,8.220329133175085
TALL,TALL_Bt1_PRE_BULK,0.07902625907253431,0.008929412119862513,0.05633056080991533,0.1467392711859305,0.05633056080991533,0.1467392711859305,0,0.021407953065494305,11.062104914071464,NA,NA
WOOD,WOOD_Apk_PRE_FLF,NA,NA,28.28573799133301,28.28573799133301,28.28573799133301,28.28573799133301,2.0879337787628174,2.0879337787628174,15.798589008089952,-25.860171919664793,-0.5479978519724672
WOOD,WOOD_Apk_PRE_OCC,NA,NA,38.735557556152344,38.735557556152344,38.735557556152344,38.735557556152344,3.3830604553222656,3.3830604553222656,13.352652917811982,-26.93383315645955,0.27030378837119495
WOOD,WOOD_Apk_PRE_HF,NA,NA,NA,NA,NA,NA,NA,NA,NA,NA,NA
STEI,STEI_BC2_PRE_BULK,0.07840221977668521,0,0,0.06059521360436754,0,0.06059521360436754,0,0.023028698280020764,3.0685728521236633,NA,NA
WOOD,WOOD_Bk1_PRE_FLF,NA,NA,30.21086311340332,30.21086311340332,30.21086311340332,30.21086311340332,1.9549174308776853,1.9549174308776853,18.02196830545587,-24.912953741441157,0.6286192311878656
WOOD,WOOD_Bk1_PRE_OCC,NA,NA,NA,NA,NA,NA,NA,NA,NA,NA,NA
WOOD,WOOD_Bk1_PRE_HF,NA,NA,NA,NA,NA,NA,NA,NA,NA,NA,NA
BLAN,BLAN_Bt3_PRE_BULK,0.07585395625814577,0.009107773484464392,0.06441646566327199,0.16780278924789663,0.06441646566327199,0.16780278924789663,0,0.024480932796280906,11.062104914071464,NA,NA
WOOD,WOOD_2Ck_PRE_FLF,NA,NA,32.235565185546875,32.235565185546875,32.235565185546875,32.235565185546875,2.0894565582275395,2.0894565582275395,17.99158605328627,-26.93544265462529,0.9813750417741862
WOOD,WOOD_2Ck_PRE_OCC,NA,NA,NA,NA,NA,NA,NA,NA,NA,NA,NA
WOOD,WOOD_2Ck_PRE_HF,NA,NA,NA,NA,NA,NA,NA,NA,NA,NA,NA
TALL,TALL_Bt3_PRE_BULK,0.051141257897107564,0,0,0.059864470980392055,0,0.059864470980392055,0,0.022750985728040105,3.0685728521236633,NA,NA
WREF,WREF_A1_PRE_FLF,NA,NA,21.610450744628903,21.610450744628903,21.610450744628903,21.610450744628903,0.47880824954696793,1.3137005564630078,28.11901028624521,-27.358106931366983,NA
WREF,WREF_A1_PRE_OCC,NA,NA,36.67823791503906,36.67823791503906,36.67823791503906,36.67823791503906,0.8640148864005435,2.3705874703091867,26.44752691387807,-27.128533940149858,NA
WREF,WREF_A1_PRE_HF,NA,NA,1.928158164024353,1.928158164024353,1.928158164024353,1.928158164024353,0.10636039078235626,0.10636039078235626,21.14122940156418,-24.95104715939059,6.412642282180994
OSBS,OSBS_Bw3_PRE_BULK,0.04123793480618627,0.0032181494659382264,0.06892261587443155,0.17954116337967857,0.06892261587443155,0.17954116337967857,0,0.026193457060899816,11.062104914071462,NA,NA
WREF,WREF_Bw1_PRE_FLF,NA,NA,30.911468505859375,30.911468505859375,30.911468505859375,30.911468505859375,0,1.084094149917663,66.5043632743394,-27.293329368559732,NA
WREF,WREF_Bw1_PRE_OCC,NA,NA,NA,NA,NA,NA,NA,NA,NA,NA,NA
WREF,WREF_Bw1_PRE_HF,NA,NA,0.6082237958908081,0.6082237958908081,0.6082237958908081,0.6082237958908081,0.02413145314810422,0.06620918386205835,15.70282395776215,-25.049979117016242,9.271476102566163
BART,BART_BC_PRE_BULK,0.015549369732529102,0,0,0.06170306086488083,0,0.06170306086488083,0,0.02344972625872021,3.0685728521236637,NA,NA
WREF,WREF_Bw2_PRE_FLF,NA,NA,32.03982162475586,32.03982162475586,32.03982162475586,32.03982162475586,0.5954092222345714,1.6336172722856055,33.5252760159647,-25.829261774566923,NA
WREF,WREF_Bw2_PRE_OCC,NA,NA,NA,NA,NA,NA,NA,NA,NA,NA,NA
WREF,WREF_Bw2_PRE_HF,NA,NA,0.5125276446342468,0.5125276446342468,0.5125276446342468,0.5125276446342468,0.024253689297440328,0.06654456174569899,13.165498719997572,-25.370985879017425,9.386344951693523
